Date,Price,Open,High,Low,Change %,,,,
"Aug 28, 2019",6.564,6.518,6.576,6.501,0.66%,Aug,2019,28,08/01/00
"Aug 27, 2019",6.521,6.391,6.53,6.391,0.76%,Aug,2019,27,
"Aug 26, 2019",6.472,6.501,6.526,6.472,-1.40%,Aug,2019,26,
"Aug 23, 2019",6.564,6.567,6.578,6.551,0.15%,Aug,2019,23,
"Aug 22, 2019",6.554,6.585,6.586,6.531,-0.09%,Aug,2019,22,
"Aug 21, 2019",6.56,6.583,6.583,6.534,-0.27%,Aug,2019,21,
"Aug 20, 2019",6.578,6.584,6.627,6.572,-0.05%,Aug,2019,20,
"Aug 19, 2019",6.581,6.553,6.596,6.549,0.70%,Aug,2019,19,
"Aug 16, 2019",6.535,6.584,6.596,6.527,-1.28%,Aug,2019,16,
"Aug 14, 2019",6.62,6.541,6.639,6.523,1.56%,Aug,2019,14,
"Aug 13, 2019",6.518,6.503,6.538,6.496,0.37%,Aug,2019,13,
"Aug 09, 2019",6.494,6.404,6.523,6.399,1.44%,Aug,2019,09,
"Aug 08, 2019",6.402,6.381,6.404,6.364,0.52%,Aug,2019,08,
"Aug 07, 2019",6.369,6.314,6.398,6.296,0.49%,Aug,2019,07,
"Aug 06, 2019",6.338,6.361,6.381,6.325,-0.81%,Aug,2019,06,
"Aug 05, 2019",6.39,6.367,6.423,6.361,0.60%,Aug,2019,05,
"Aug 02, 2019",6.352,6.333,6.361,6.324,-1.11%,Aug,2019,02,
"Aug 01, 2019",6.423,6.394,6.432,6.384,0.85%,Aug,2019,01,
"Jul 31, 2019",6.369,6.403,6.403,6.359,-0.28%,Jul,2019,31,
"Jul 30, 2019",6.387,6.416,6.437,6.379,-0.39%,Jul,2019,30,
"Jul 29, 2019",6.412,6.452,6.46,6.412,-1.73%,Jul,2019,29,
"Jul 26, 2019",6.525,6.538,6.556,6.506,0.17%,Jul,2019,26,
"Jul 25, 2019",6.514,6.441,6.551,6.422,1.18%,Jul,2019,25,
"Jul 24, 2019",6.438,6.476,6.479,6.425,-0.40%,Jul,2019,24,
"Jul 23, 2019",6.464,6.452,6.477,6.408,0.72%,Jul,2019,23,
"Jul 22, 2019",6.418,6.424,6.453,6.406,0.90%,Jul,2019,22,
"Jul 19, 2019",6.361,6.383,6.385,6.348,-0.41%,Jul,2019,19,
"Jul 18, 2019",6.387,6.31,6.402,6.31,0.66%,Jul,2019,18,
"Jul 17, 2019",6.345,6.281,6.413,6.266,0.22%,Jul,2019,17,
"Jul 16, 2019",6.331,6.413,6.413,6.317,-1.59%,Jul,2019,16,
"Jul 15, 2019",6.433,6.459,6.467,6.43,-0.85%,Jul,2019,15,
"Jul 12, 2019",6.488,6.528,6.541,6.457,-0.08%,Jul,2019,12,
"Jul 11, 2019",6.493,6.558,6.562,6.487,-0.76%,Jul,2019,11,
"Jul 10, 2019",6.543,6.588,6.61,6.516,-0.68%,Jul,2019,10,
"Jul 09, 2019",6.588,6.555,6.61,6.555,0.40%,Jul,2019,09,
"Jul 08, 2019",6.562,6.713,6.713,6.562,-1.99%,Jul,2019,08,
"Jul 05, 2019",6.695,6.755,6.766,6.576,-0.83%,Jul,2019,05,
"Jul 04, 2019",6.751,6.837,6.849,6.751,-1.20%,Jul,2019,04,
"Jul 03, 2019",6.833,6.809,6.835,6.804,-0.19%,Jul,2019,03,
"Jul 02, 2019",6.846,6.86,6.876,6.829,-0.52%,Jul,2019,02,
"Jul 01, 2019",6.882,6.906,6.93,6.882,0.04%,Jul,2019,01,
"Jun 28, 2019",6.879,6.888,6.9,6.87,-0.26%,Jun,2019,28,
"Jun 27, 2019",6.897,6.957,6.957,6.88,-0.52%,Jun,2019,27,
"Jun 26, 2019",6.933,6.917,6.942,6.917,0.74%,Jun,2019,26,
"Jun 25, 2019",6.882,6.838,6.896,6.837,0.45%,Jun,2019,25,
"Jun 24, 2019",6.851,6.84,6.883,6.811,-0.15%,Jun,2019,24,
"Jun 21, 2019",6.861,6.825,6.893,6.825,1.03%,Jun,2019,21,
"Jun 20, 2019",6.791,6.769,6.791,6.734,-0.73%,Jun,2019,20,
"Jun 19, 2019",6.841,6.831,6.849,6.817,0.48%,Jun,2019,19,
"Jun 18, 2019",6.808,6.912,6.92,6.808,-1.77%,Jun,2019,18,
"Jun 17, 2019",6.931,6.933,6.947,6.915,0.17%,Jun,2019,17,
"Jun 14, 2019",6.919,6.993,6.997,6.914,-1.28%,Jun,2019,14,
"Jun 13, 2019",7.009,6.989,7.028,6.965,-0.04%,Jun,2019,13,
"Jun 12, 2019",7.012,7.022,7.025,6.995,-0.36%,Jun,2019,12,
"Jun 11, 2019",7.037,7.083,7.097,7.036,-0.57%,Jun,2019,11,
"Jun 10, 2019",7.077,6.984,7.087,6.983,1.48%,Jun,2019,10,
"Jun 07, 2019",6.974,6.951,6.984,6.948,0.62%,Jun,2019,07,
"Jun 06, 2019",6.931,7.012,7.012,6.876,-1.30%,Jun,2019,06,
"Jun 04, 2019",7.022,6.979,7.024,6.977,0.57%,Jun,2019,04,
"Jun 03, 2019",6.982,6.949,7.001,6.941,-0.71%,Jun,2019,03,
"May 31, 2019",7.032,7.075,7.077,7.03,-1.42%,May,2019,31,
"May 30, 2019",7.133,7.135,7.139,7.127,0.11%,May,2019,30,
"May 29, 2019",7.125,7.127,7.143,7.116,-0.34%,May,2019,29,
"May 28, 2019",7.149,7.177,7.179,7.135,-0.25%,May,2019,28,
"May 27, 2019",7.167,7.226,7.228,7.162,-0.82%,May,2019,27,
"May 24, 2019",7.226,7.22,7.239,7.203,-0.18%,May,2019,24,
"May 23, 2019",7.239,7.232,7.244,7.191,-0.29%,May,2019,23,
"May 22, 2019",7.26,7.302,7.308,7.26,-0.59%,May,2019,22,
"May 21, 2019",7.303,7.293,7.312,7.286,0.23%,May,2019,21,
"May 20, 2019",7.286,7.287,7.309,7.275,-1.03%,May,2019,20,
"May 17, 2019",7.362,7.397,7.397,7.36,-0.20%,May,2019,17,
"May 16, 2019",7.377,7.394,7.402,7.375,-0.03%,May,2019,16,
"May 15, 2019",7.379,7.379,7.384,7.36,0.01%,May,2019,15,
"May 14, 2019",7.378,7.388,7.388,7.348,-0.14%,May,2019,14,
"May 13, 2019",7.388,7.418,7.419,7.385,-0.34%,May,2019,13,
"May 10, 2019",7.413,7.407,7.426,7.403,0.22%,May,2019,10,
"May 09, 2019",7.397,7.387,7.4,7.371,0.30%,May,2019,09,
"May 08, 2019",7.375,7.392,7.392,7.37,-0.09%,May,2019,08,
"May 07, 2019",7.382,7.417,7.424,7.381,-0.16%,May,2019,07,
"May 06, 2019",7.394,7.403,7.403,7.365,-0.04%,May,2019,06,
"May 03, 2019",7.397,7.372,7.401,7.369,0.15%,May,2019,03,
"May 02, 2019",7.386,7.411,7.411,7.386,-0.38%,May,2019,02,
"Apr 30, 2019",7.414,7.395,7.421,7.387,0.08%,Apr,2019,30,
"Apr 26, 2019",7.408,7.436,7.446,7.405,-0.58%,Apr,2019,26,
"Apr 25, 2019",7.451,7.441,7.477,7.441,0.36%,Apr,2019,25,
"Apr 24, 2019",7.424,7.429,7.436,7.421,-0.66%,Apr,2019,24,
"Apr 23, 2019",7.473,7.489,7.495,7.46,-0.01%,Apr,2019,23,
"Apr 22, 2019",7.474,7.455,7.497,7.455,0.73%,Apr,2019,22,
"Apr 18, 2019",7.42,7.412,7.43,7.408,0.41%,Apr,2019,18,
"Apr 16, 2019",7.39,7.39,7.404,7.376,-0.03%,Apr,2019,16,
"Apr 15, 2019",7.392,7.411,7.414,7.387,-0.23%,Apr,2019,15,
"Apr 12, 2019",7.409,7.383,7.41,7.38,0.52%,Apr,2019,12,
"Apr 11, 2019",7.371,7.381,7.381,7.362,0.05%,Apr,2019,11,
"Apr 10, 2019",7.367,7.363,7.379,7.356,-0.09%,Apr,2019,10,
"Apr 09, 2019",7.374,7.411,7.418,7.373,-0.35%,Apr,2019,09,
"Apr 08, 2019",7.4,7.374,7.411,7.374,0.64%,Apr,2019,08,
"Apr 05, 2019",7.353,7.352,7.362,7.316,0.07%,Apr,2019,05,
"Apr 04, 2019",7.348,7.271,7.348,7.229,1.06%,Apr,2019,04,
"Apr 03, 2019",7.271,7.28,7.288,7.255,-0.01%,Apr,2019,03,
"Apr 02, 2019",7.272,7.356,7.356,7.271,-1.01%,Apr,2019,02,
"Mar 29, 2019",7.346,7.329,7.351,7.31,0.31%,Mar,2019,29,
"Mar 28, 2019",7.323,7.319,7.334,7.301,-0.05%,Mar,2019,28,
"Mar 27, 2019",7.327,7.344,7.357,7.323,-0.20%,Mar,2019,27,
"Mar 26, 2019",7.342,7.329,7.343,7.328,-1.73%,Mar,2019,26,
"Mar 25, 2019",7.471,7.471,7.474,7.456,-0.44%,Mar,2019,25,
"Mar 22, 2019",7.504,7.477,7.506,7.474,-0.17%,Mar,2019,22,
"Mar 20, 2019",7.517,7.535,7.544,7.513,-0.25%,Mar,2019,20,
"Mar 19, 2019",7.536,7.494,7.545,7.479,0.75%,Mar,2019,19,
"Mar 18, 2019",7.48,7.477,7.486,7.452,-0.29%,Mar,2019,18,
"Mar 15, 2019",7.502,7.558,7.561,7.5,-0.68%,Mar,2019,15,
"Mar 14, 2019",7.553,7.59,7.59,7.536,0.07%,Mar,2019,14,
"Mar 13, 2019",7.548,7.534,7.553,7.523,0.47%,Mar,2019,13,
"Mar 12, 2019",7.513,7.527,7.536,7.493,0.01%,Mar,2019,12,
"Mar 11, 2019",7.512,7.54,7.542,7.503,-0.27%,Mar,2019,11,
"Mar 08, 2019",7.532,7.565,7.571,7.524,-0.63%,Mar,2019,08,
"Mar 07, 2019",7.58,7.575,7.58,7.561,0.11%,Mar,2019,07,
"Mar 06, 2019",7.572,7.554,7.587,7.548,0.21%,Mar,2019,06,
"Mar 05, 2019",7.556,7.55,7.561,7.53,0.00%,Mar,2019,05,
"Mar 01, 2019",7.556,7.588,7.589,7.545,-0.46%,Mar,2019,01,
"Feb 28, 2019",7.591,7.679,7.679,7.591,-1.06%,Feb,2019,28,
"Feb 27, 2019",7.672,7.608,7.699,7.591,1.12%,Feb,2019,27,
"Feb 26, 2019",7.587,7.624,7.624,7.578,0.04%,Feb,2019,26,
"Feb 25, 2019",7.584,7.591,7.611,7.582,-0.28%,Feb,2019,25,
"Feb 22, 2019",7.605,7.544,7.61,7.544,0.81%,Feb,2019,22,
"Feb 21, 2019",7.544,7.573,7.573,7.543,-0.01%,Feb,2019,21,
"Feb 20, 2019",7.545,7.571,7.572,7.541,-0.46%,Feb,2019,20,
"Feb 18, 2019",7.58,7.601,7.601,7.565,0.04%,Feb,2019,18,
"Feb 15, 2019",7.577,7.539,7.584,7.534,0.74%,Feb,2019,15,
"Feb 14, 2019",7.521,7.485,7.524,7.483,0.74%,Feb,2019,14,
"Feb 13, 2019",7.466,7.469,7.479,7.436,-0.90%,Feb,2019,13,
"Feb 12, 2019",7.534,7.54,7.54,7.51,0.07%,Feb,2019,12,
"Feb 11, 2019",7.529,7.524,7.548,7.509,0.07%,Feb,2019,11,
"Feb 08, 2019",7.524,7.488,7.531,7.459,0.31%,Feb,2019,08,
"Feb 07, 2019",7.501,7.573,7.588,7.47,-0.85%,Feb,2019,07,
"Feb 06, 2019",7.565,7.602,7.602,7.565,-0.66%,Feb,2019,06,
"Feb 05, 2019",7.615,7.669,7.672,7.609,-0.74%,Feb,2019,05,
"Feb 04, 2019",7.672,7.65,7.674,7.632,0.81%,Feb,2019,04,
"Feb 01, 2019",7.61,7.47,7.651,7.425,1.70%,Feb,2019,01,
"Jan 31, 2019",7.483,7.532,7.551,7.482,-0.90%,Jan,2019,31,
"Jan 30, 2019",7.551,7.541,7.556,7.533,0.35%,Jan,2019,30,
"Jan 29, 2019",7.525,7.533,7.551,7.522,-0.21%,Jan,2019,29,
"Jan 28, 2019",7.541,7.558,7.562,7.535,-0.07%,Jan,2019,28,
"Jan 25, 2019",7.546,7.578,7.578,7.524,-0.15%,Jan,2019,25,
"Jan 24, 2019",7.557,7.569,7.604,7.555,-0.26%,Jan,2019,24,
"Jan 23, 2019",7.577,7.52,7.585,7.511,0.58%,Jan,2019,23,
"Jan 22, 2019",7.533,7.552,7.555,7.516,-0.48%,Jan,2019,22,
"Jan 21, 2019",7.569,7.628,7.65,7.545,-0.36%,Jan,2019,21,
"Jan 18, 2019",7.596,7.593,7.609,7.567,0.62%,Jan,2019,18,
"Jan 17, 2019",7.549,7.573,7.587,7.533,-0.19%,Jan,2019,17,
"Jan 16, 2019",7.563,7.479,7.577,7.465,1.20%,Jan,2019,16,
"Jan 15, 2019",7.473,7.472,7.49,7.457,0.57%,Jan,2019,15,
"Jan 14, 2019",7.431,7.474,7.474,7.423,-0.96%,Jan,2019,14,
"Jan 11, 2019",7.503,7.479,7.519,7.449,0.36%,Jan,2019,11,
"Jan 10, 2019",7.476,7.488,7.516,7.466,0.08%,Jan,2019,10,
"Jan 09, 2019",7.47,7.476,7.482,7.444,0.21%,Jan,2019,09,
"Jan 08, 2019",7.454,7.503,7.534,7.439,-0.72%,Jan,2019,08,
"Jan 07, 2019",7.508,7.467,7.519,7.439,0.81%,Jan,2019,07,
"Jan 04, 2019",7.448,7.407,7.475,7.406,0.28%,Jan,2019,04,
"Jan 03, 2019",7.427,7.397,7.433,7.381,0.99%,Jan,2019,03,
"Jan 02, 2019",7.354,7.409,7.415,7.35,-0.86%,Jan,2019,02,
"Jan 01, 2019",7.418,7.401,7.447,7.385,0.65%,Jan,2019,01,
"Dec 31, 2018",7.37,7.368,7.389,7.339,-0.28%,Dec,2018,31,
"Dec 28, 2018",7.391,7.274,7.393,7.266,1.57%,Dec,2018,28,
"Dec 27, 2018",7.277,7.307,7.307,7.235,0.19%,Dec,2018,27,
"Dec 26, 2018",7.263,7.249,7.267,7.228,-0.33%,Dec,2018,26,
"Dec 24, 2018",7.287,7.298,7.306,7.278,0.15%,Dec,2018,24,
"Dec 21, 2018",7.276,7.269,7.316,7.259,0.06%,Dec,2018,21,
"Dec 20, 2018",7.272,7.253,7.275,7.233,0.73%,Dec,2018,20,
"Dec 19, 2018",7.219,7.241,7.288,7.218,-1.72%,Dec,2018,19,
"Dec 18, 2018",7.345,7.427,7.438,7.345,-1.55%,Dec,2018,18,
"Dec 17, 2018",7.461,7.443,7.463,7.423,0.27%,Dec,2018,17,
"Dec 14, 2018",7.441,7.429,7.464,7.425,0.45%,Dec,2018,14,
"Dec 13, 2018",7.408,7.389,7.437,7.382,-0.04%,Dec,2018,13,
"Dec 12, 2018",7.411,7.476,7.479,7.41,-1.55%,Dec,2018,12,
"Dec 11, 2018",7.528,7.695,7.703,7.512,-0.78%,Dec,2018,11,
"Dec 10, 2018",7.587,7.505,7.598,7.493,1.65%,Dec,2018,10,
"Dec 07, 2018",7.464,7.401,7.48,7.389,0.55%,Dec,2018,07,
"Dec 06, 2018",7.423,7.412,7.443,7.371,-0.23%,Dec,2018,06,
"Dec 05, 2018",7.44,7.562,7.573,7.435,-1.77%,Dec,2018,05,
"Dec 04, 2018",7.574,7.618,7.618,7.566,-0.68%,Dec,2018,04,
"Dec 03, 2018",7.626,7.646,7.653,7.616,0.25%,Dec,2018,03,
"Nov 30, 2018",7.607,7.627,7.63,7.596,-0.01%,Nov,2018,30,
"Nov 29, 2018",7.608,7.62,7.62,7.576,-0.47%,Nov,2018,29,
"Nov 28, 2018",7.644,7.688,7.698,7.644,-1.16%,Nov,2018,28,
"Nov 27, 2018",7.734,7.747,7.75,7.713,0.10%,Nov,2018,27,
"Nov 26, 2018",7.726,7.677,7.738,7.677,0.21%,Nov,2018,26,
"Nov 22, 2018",7.71,7.754,7.767,7.704,-1.05%,Nov,2018,22,
"Nov 20, 2018",7.792,7.767,7.795,7.756,0.01%,Nov,2018,20,
"Nov 19, 2018",7.791,7.82,7.836,7.789,-0.31%,Nov,2018,19,
"Nov 16, 2018",7.815,7.775,7.816,7.768,0.76%,Nov,2018,16,
"Nov 15, 2018",7.756,7.736,7.76,7.734,0.30%,Nov,2018,15,
"Nov 14, 2018",7.733,7.724,7.748,7.707,-0.37%,Nov,2018,14,
"Nov 13, 2018",7.762,7.777,7.783,7.757,-0.54%,Nov,2018,13,
"Nov 12, 2018",7.804,7.789,7.821,7.788,0.50%,Nov,2018,12,
"Nov 09, 2018",7.765,7.766,7.781,7.757,-0.40%,Nov,2018,09,
"Nov 06, 2018",7.796,7.801,7.811,7.791,-0.15%,Nov,2018,06,
"Nov 05, 2018",7.808,7.799,7.812,7.791,0.35%,Nov,2018,05,
"Nov 02, 2018",7.781,7.785,7.793,7.752,-0.54%,Nov,2018,02,
"Nov 01, 2018",7.823,7.831,7.84,7.82,-0.38%,Nov,2018,01,
"Oct 31, 2018",7.853,7.881,7.893,7.846,0.24%,Oct,2018,31,
"Oct 30, 2018",7.834,7.825,7.84,7.818,0.31%,Oct,2018,30,
"Oct 29, 2018",7.81,7.836,7.836,7.797,-0.85%,Oct,2018,29,
"Oct 26, 2018",7.877,7.885,7.891,7.861,0.13%,Oct,2018,26,
"Oct 25, 2018",7.867,7.864,7.885,7.845,-0.06%,Oct,2018,25,
"Oct 24, 2018",7.872,7.852,7.878,7.83,-0.28%,Oct,2018,24,
"Oct 23, 2018",7.894,7.937,7.938,7.88,-0.45%,Oct,2018,23,
"Oct 22, 2018",7.93,7.935,7.935,7.892,0.11%,Oct,2018,22,
"Oct 19, 2018",7.921,7.891,7.927,7.88,0.15%,Oct,2018,19,
"Oct 17, 2018",7.909,7.885,7.926,7.863,0.47%,Oct,2018,17,
"Oct 16, 2018",7.872,7.946,7.954,7.87,-0.62%,Oct,2018,16,
"Oct 15, 2018",7.921,7.962,7.983,7.921,-0.79%,Oct,2018,15,
"Oct 12, 2018",7.984,7.971,8.008,7.963,-0.03%,Oct,2018,12,
"Oct 11, 2018",7.986,8.001,8.023,7.978,-0.56%,Oct,2018,11,
"Oct 10, 2018",8.031,8.049,8.071,8.027,-0.56%,Oct,2018,10,
"Oct 09, 2018",8.076,7.989,8.092,7.989,1.28%,Oct,2018,09,
"Oct 08, 2018",7.974,7.989,8.017,7.968,-0.62%,Oct,2018,08,
"Oct 05, 2018",8.024,8.158,8.165,8.024,-1.64%,Oct,2018,05,
"Oct 04, 2018",8.158,8.193,8.21,8.155,0.57%,Oct,2018,04,
"Oct 03, 2018",8.112,8.057,8.115,8.031,1.55%,Oct,2018,03,
"Oct 01, 2018",7.988,7.923,7.997,7.923,-0.45%,Oct,2018,01,
"Sep 28, 2018",8.024,8.042,8.053,8.015,-0.04%,Sep,2018,28,
"Sep 27, 2018",8.027,8.043,8.073,8.024,-0.56%,Sep,2018,27,
"Sep 26, 2018",8.072,8.124,8.124,8.063,-0.65%,Sep,2018,26,
"Sep 25, 2018",8.125,8.131,8.141,8.113,0.04%,Sep,2018,25,
"Sep 24, 2018",8.122,8.094,8.13,8.074,0.57%,Sep,2018,24,
"Sep 21, 2018",8.076,8.031,8.135,8.017,0.02%,Sep,2018,21,
"Sep 19, 2018",8.074,8.124,8.134,8.067,-0.81%,Sep,2018,19,
"Sep 18, 2018",8.14,8.106,8.143,8.043,0.52%,Sep,2018,18,
"Sep 17, 2018",8.098,8.164,8.184,8.09,-0.32%,Sep,2018,17,
"Sep 16, 2018",8.124,8.143,8.148,8.121,-0.04%,Sep,2018,16,
"Sep 14, 2018",8.127,8.093,8.131,8.091,-0.09%,Sep,2018,14,
"Sep 12, 2018",8.134,8.218,8.231,8.121,-0.59%,Sep,2018,12,
"Sep 11, 2018",8.182,8.155,8.189,8.134,0.29%,Sep,2018,11,
"Sep 10, 2018",8.158,8.069,8.158,8.069,1.58%,Sep,2018,10,
"Sep 07, 2018",8.031,8.05,8.05,8.011,-0.31%,Sep,2018,07,
"Sep 06, 2018",8.056,8.038,8.085,8.033,0.09%,Sep,2018,06,
"Sep 05, 2018",8.049,8.043,8.11,8.033,-0.16%,Sep,2018,05,
"Sep 04, 2018",8.062,8.006,8.069,7.986,0.79%,Sep,2018,04,
"Sep 03, 2018",7.999,7.94,8,7.917,0.60%,Sep,2018,03,
"Aug 31, 2018",7.951,7.951,7.958,7.937,0.26%,Aug,2018,31,
"Aug 30, 2018",7.93,7.93,7.941,7.914,0.15%,Aug,2018,30,
"Aug 29, 2018",7.918,7.914,7.92,7.895,0.29%,Aug,2018,29,
"Aug 28, 2018",7.895,7.892,7.921,7.892,0.01%,Aug,2018,28,
"Aug 27, 2018",7.894,7.865,7.898,7.86,0.29%,Aug,2018,27,
"Aug 24, 2018",7.871,7.895,7.9,7.871,-0.10%,Aug,2018,24,
"Aug 23, 2018",7.879,7.878,7.879,7.861,0.66%,Aug,2018,23,
"Aug 21, 2018",7.827,7.834,7.834,7.814,-0.14%,Aug,2018,21,
"Aug 20, 2018",7.838,7.836,7.842,7.826,-0.29%,Aug,2018,20,
"Aug 16, 2018",7.861,7.849,7.876,7.839,0.55%,Aug,2018,16,
"Aug 14, 2018",7.818,7.8,7.824,7.795,-0.06%,Aug,2018,14,
"Aug 13, 2018",7.823,7.807,7.825,7.789,0.89%,Aug,2018,13,
"Aug 10, 2018",7.754,7.743,7.759,7.737,0.12%,Aug,2018,10,
"Aug 09, 2018",7.745,7.754,7.762,7.74,-0.48%,Aug,2018,09,
"Aug 08, 2018",7.782,7.792,7.793,7.776,-0.05%,Aug,2018,08,
"Aug 07, 2018",7.786,7.772,7.787,7.757,0.23%,Aug,2018,07,
"Aug 06, 2018",7.768,7.754,7.773,7.747,0.06%,Aug,2018,06,
"Aug 03, 2018",7.763,7.742,7.771,7.739,0.54%,Aug,2018,03,
"Aug 02, 2018",7.721,7.698,7.732,7.681,0.26%,Aug,2018,02,
"Aug 01, 2018",7.701,7.767,7.841,7.701,-0.91%,Aug,2018,01,
"Jul 31, 2018",7.772,7.797,7.797,7.769,-0.23%,Jul,2018,31,
"Jul 30, 2018",7.79,7.78,7.799,7.776,0.13%,Jul,2018,30,
"Jul 27, 2018",7.78,7.766,7.788,7.762,0.27%,Jul,2018,27,
"Jul 26, 2018",7.759,7.806,7.806,7.756,-0.33%,Jul,2018,26,
"Jul 25, 2018",7.785,7.807,7.811,7.782,0.01%,Jul,2018,25,
"Jul 24, 2018",7.784,7.806,7.815,7.778,-0.33%,Jul,2018,24,
"Jul 23, 2018",7.81,7.788,7.819,7.774,0.32%,Jul,2018,23,
"Jul 20, 2018",7.785,7.787,7.797,7.772,0.00%,Jul,2018,20,
"Jul 19, 2018",7.785,7.782,7.785,7.764,0.43%,Jul,2018,19,
"Jul 18, 2018",7.752,7.725,7.759,7.723,0.08%,Jul,2018,18,
"Jul 17, 2018",7.746,7.763,7.764,7.729,-0.69%,Jul,2018,17,
"Jul 16, 2018",7.8,7.82,7.848,7.797,0.12%,Jul,2018,16,
"Jul 13, 2018",7.791,7.791,7.802,7.77,0.14%,Jul,2018,13,
"Jul 12, 2018",7.78,7.826,7.842,7.778,-1.17%,Jul,2018,12,
"Jul 11, 2018",7.872,7.897,7.914,7.864,-0.35%,Jul,2018,11,
"Jul 10, 2018",7.9,7.907,7.912,7.893,0.13%,Jul,2018,10,
"Jul 09, 2018",7.89,7.871,7.892,7.866,0.25%,Jul,2018,09,
"Jul 06, 2018",7.87,7.89,7.901,7.869,-0.34%,Jul,2018,06,
"Jul 05, 2018",7.897,7.849,7.9,7.841,0.57%,Jul,2018,05,
"Jul 04, 2018",7.852,7.878,7.916,7.836,-0.39%,Jul,2018,04,
"Jul 03, 2018",7.883,7.905,7.906,7.877,-0.37%,Jul,2018,03,
"Jul 02, 2018",7.912,7.889,7.917,7.867,0.11%,Jul,2018,02,
"Jun 29, 2018",7.903,7.922,7.922,7.869,-0.40%,Jun,2018,29,
"Jun 28, 2018",7.935,7.904,7.942,7.9,0.81%,Jun,2018,28,
"Jun 27, 2018",7.871,7.87,7.878,7.857,0.54%,Jun,2018,27,
"Jun 26, 2018",7.829,7.839,7.849,7.807,0.06%,Jun,2018,26,
"Jun 25, 2018",7.824,7.814,7.859,7.805,0.06%,Jun,2018,25,
"Jun 22, 2018",7.819,7.789,7.841,7.771,0.60%,Jun,2018,22,
"Jun 21, 2018",7.772,7.798,7.812,7.769,-0.70%,Jun,2018,21,
"Jun 20, 2018",7.827,7.805,7.85,7.804,-0.46%,Jun,2018,20,
"Jun 19, 2018",7.863,7.921,7.921,7.855,-0.18%,Jun,2018,19,
"Jun 18, 2018",7.877,7.832,7.882,7.818,-0.15%,Jun,2018,18,
"Jun 15, 2018",7.889,7.93,7.943,7.88,-0.70%,Jun,2018,15,
"Jun 14, 2018",7.945,7.946,7.955,7.9,0.19%,Jun,2018,14,
"Jun 13, 2018",7.93,7.966,7.968,7.919,-0.45%,Jun,2018,13,
"Jun 12, 2018",7.966,7.972,7.992,7.965,0.04%,Jun,2018,12,
"Jun 11, 2018",7.963,7.977,8,7.946,0.20%,Jun,2018,11,
"Jun 08, 2018",7.947,7.997,7.997,7.918,-0.58%,Jun,2018,08,
"Jun 07, 2018",7.993,7.939,7.993,7.937,0.96%,Jun,2018,07,
"Jun 06, 2018",7.917,7.852,7.934,7.827,1.06%,Jun,2018,06,
"Jun 05, 2018",7.834,7.86,7.874,7.823,-0.53%,Jun,2018,05,
"Jun 04, 2018",7.876,7.868,7.902,7.852,0.36%,Jun,2018,04,
"Jun 01, 2018",7.848,7.86,7.877,7.848,0.28%,Jun,2018,01,
"May 31, 2018",7.826,7.823,7.851,7.816,0.57%,May,2018,31,
"May 30, 2018",7.782,7.742,7.785,7.721,0.34%,May,2018,30,
"May 29, 2018",7.756,7.761,7.792,7.753,0.22%,May,2018,29,
"May 28, 2018",7.739,7.733,7.774,7.721,-0.71%,May,2018,28,
"May 25, 2018",7.794,7.864,7.888,7.793,-0.98%,May,2018,25,
"May 24, 2018",7.871,7.845,7.884,7.838,0.28%,May,2018,24,
"May 23, 2018",7.849,7.835,7.868,7.827,0.51%,May,2018,23,
"May 22, 2018",7.809,7.818,7.847,7.787,0.00%,May,2018,22,
"May 21, 2018",7.809,7.901,7.901,7.802,-0.33%,May,2018,21,
"May 20, 2018",7.835,7.835,7.835,7.835,0.00%,May,2018,20,
"May 18, 2018",7.835,7.903,7.927,7.76,-0.57%,May,2018,18,
"May 17, 2018",7.88,7.922,7.944,7.879,-0.28%,May,2018,17,
"May 16, 2018",7.902,7.919,7.945,7.871,-0.01%,May,2018,16,
"May 15, 2018",7.903,7.906,7.913,7.814,0.98%,May,2018,15,
"May 14, 2018",7.826,7.72,7.829,7.708,1.29%,May,2018,14,
"May 11, 2018",7.726,7.711,7.757,7.701,0.14%,May,2018,11,
"May 10, 2018",7.715,7.715,7.761,7.715,0.08%,May,2018,10,
"May 09, 2018",7.709,7.652,7.721,7.648,1.70%,May,2018,09,
"May 08, 2018",7.58,7.636,7.655,7.553,-0.55%,May,2018,08,
"May 07, 2018",7.622,7.601,7.655,7.601,-1.37%,May,2018,07,
"May 04, 2018",7.728,7.748,7.759,7.723,-0.08%,May,2018,04,
"May 03, 2018",7.734,7.736,7.746,7.683,0.01%,May,2018,03,
"May 02, 2018",7.733,7.731,7.742,7.702,-0.44%,May,2018,02,
"Apr 27, 2018",7.767,7.746,7.773,7.74,0.15%,Apr,2018,27,
"Apr 26, 2018",7.755,7.749,7.785,7.723,0.22%,Apr,2018,26,
"Apr 25, 2018",7.738,7.714,7.779,7.701,0.72%,Apr,2018,25,
"Apr 24, 2018",7.683,7.738,7.741,7.642,-0.74%,Apr,2018,24,
"Apr 23, 2018",7.74,7.731,7.769,7.672,0.29%,Apr,2018,23,
"Apr 20, 2018",7.718,7.785,7.797,7.655,1.14%,Apr,2018,20,
"Apr 19, 2018",7.631,7.602,7.651,7.588,1.26%,Apr,2018,19,
"Apr 18, 2018",7.536,7.492,7.536,7.478,0.63%,Apr,2018,18,
"Apr 17, 2018",7.489,7.483,7.509,7.471,0.04%,Apr,2018,17,
"Apr 16, 2018",7.486,7.404,7.49,7.404,0.74%,Apr,2018,16,
"Apr 13, 2018",7.431,7.503,7.522,7.423,-0.50%,Apr,2018,13,
"Apr 12, 2018",7.468,7.512,7.527,7.443,-0.90%,Apr,2018,12,
"Apr 11, 2018",7.536,7.423,7.542,7.386,2.13%,Apr,2018,11,
"Apr 10, 2018",7.379,7.247,7.379,7.247,2.12%,Apr,2018,10,
"Apr 09, 2018",7.226,7.204,7.239,7.153,0.71%,Apr,2018,09,
"Apr 06, 2018",7.175,7.146,7.179,7.139,0.67%,Apr,2018,06,
"Apr 05, 2018",7.127,7.306,7.306,7.123,-2.29%,Apr,2018,05,
"Apr 04, 2018",7.294,7.339,7.345,7.291,-0.52%,Apr,2018,04,
"Apr 03, 2018",7.332,7.333,7.367,7.312,-0.89%,Apr,2018,03,
"Mar 28, 2018",7.398,7.313,7.412,7.286,0.89%,Mar,2018,28,
"Mar 27, 2018",7.333,7.371,7.398,7.302,-3.80%,Mar,2018,27,
"Mar 26, 2018",7.623,7.577,7.63,7.574,0.87%,Mar,2018,26,
"Mar 23, 2018",7.557,7.533,7.562,7.521,-0.04%,Mar,2018,23,
"Mar 22, 2018",7.56,7.581,7.615,7.548,-0.28%,Mar,2018,22,
"Mar 21, 2018",7.581,7.66,7.677,7.579,-0.45%,Mar,2018,21,
"Mar 20, 2018",7.615,7.604,7.628,7.595,0.09%,Mar,2018,20,
"Mar 19, 2018",7.608,7.585,7.613,7.542,0.67%,Mar,2018,19,
"Mar 16, 2018",7.557,7.64,7.648,7.557,-1.00%,Mar,2018,16,
"Mar 15, 2018",7.633,7.672,7.711,7.625,-0.68%,Mar,2018,15,
"Mar 14, 2018",7.685,7.646,7.693,7.643,0.42%,Mar,2018,14,
"Mar 13, 2018",7.653,7.607,7.665,7.604,0.31%,Mar,2018,13,
"Mar 12, 2018",7.629,7.697,7.7,7.62,-0.55%,Mar,2018,12,
"Mar 09, 2018",7.671,7.652,7.729,7.634,0.12%,Mar,2018,09,
"Mar 08, 2018",7.662,7.679,7.713,7.652,-0.21%,Mar,2018,08,
"Mar 07, 2018",7.678,7.769,7.769,7.678,-1.25%,Mar,2018,07,
"Mar 06, 2018",7.775,7.8,7.8,7.758,-0.01%,Mar,2018,06,
"Mar 05, 2018",7.776,7.755,7.783,7.741,0.49%,Mar,2018,05,
"Mar 01, 2018",7.738,7.726,7.776,7.696,0.16%,Mar,2018,01,
"Feb 28, 2018",7.726,7.696,7.726,7.673,0.78%,Feb,2018,28,
"Feb 27, 2018",7.666,7.708,7.717,7.657,-0.29%,Feb,2018,27,
"Feb 26, 2018",7.688,7.657,7.708,7.657,0.27%,Feb,2018,26,
"Feb 23, 2018",7.667,7.76,7.76,7.667,-1.02%,Feb,2018,23,
"Feb 22, 2018",7.746,7.816,7.816,7.724,0.47%,Feb,2018,22,
"Feb 21, 2018",7.71,7.677,7.71,7.657,0.55%,Feb,2018,21,
"Feb 20, 2018",7.668,7.606,7.694,7.603,1.12%,Feb,2018,20,
"Feb 18, 2018",7.583,7.583,7.583,7.583,0.08%,Feb,2018,18,
"Feb 16, 2018",7.577,7.576,7.597,7.571,0.12%,Feb,2018,16,
"Feb 15, 2018",7.568,7.567,7.611,7.547,1.03%,Feb,2018,15,
"Feb 14, 2018",7.491,7.453,7.509,7.449,-0.07%,Feb,2018,14,
"Feb 12, 2018",7.496,7.47,7.525,7.449,0.08%,Feb,2018,12,
"Feb 09, 2018",7.49,7.458,7.524,7.452,0.32%,Feb,2018,09,
"Feb 08, 2018",7.466,7.506,7.522,7.466,-0.86%,Feb,2018,08,
"Feb 07, 2018",7.531,7.583,7.62,7.496,-0.49%,Feb,2018,07,
"Feb 06, 2018",7.568,7.562,7.616,7.538,-0.49%,Feb,2018,06,
"Feb 05, 2018",7.605,7.62,7.62,7.572,0.57%,Feb,2018,05,
"Feb 02, 2018",7.562,7.679,7.689,7.509,-0.57%,Feb,2018,02,
"Feb 01, 2018",7.605,7.446,7.625,7.399,2.36%,Feb,2018,01,
"Jan 31, 2018",7.43,7.423,7.439,7.402,-0.05%,Jan,2018,31,
"Jan 30, 2018",7.434,7.44,7.478,7.418,-0.09%,Jan,2018,30,
"Jan 29, 2018",7.441,7.322,7.444,7.295,1.83%,Jan,2018,29,
"Jan 25, 2018",7.307,7.312,7.341,7.299,0.43%,Jan,2018,25,
"Jan 24, 2018",7.276,7.265,7.282,7.243,-1.85%,Jan,2018,24,
"Jan 23, 2018",7.413,7.49,7.49,7.407,-0.66%,Jan,2018,23,
"Jan 22, 2018",7.462,7.498,7.509,7.453,-0.23%,Jan,2018,22,
"Jan 19, 2018",7.479,7.479,7.486,7.451,0.11%,Jan,2018,19,
"Jan 18, 2018",7.471,7.447,7.479,7.436,0.76%,Jan,2018,18,
"Jan 17, 2018",7.415,7.547,7.552,7.374,-1.81%,Jan,2018,17,
"Jan 16, 2018",7.552,7.504,7.587,7.482,1.46%,Jan,2018,16,
"Jan 15, 2018",7.443,7.471,7.471,7.438,-0.16%,Jan,2018,15,
"Jan 12, 2018",7.455,7.443,7.482,7.404,0.26%,Jan,2018,12,
"Jan 11, 2018",7.436,7.419,7.456,7.406,-0.07%,Jan,2018,11,
"Jan 10, 2018",7.441,7.411,7.454,7.411,1.00%,Jan,2018,10,
"Jan 09, 2018",7.367,7.36,7.377,7.341,0.31%,Jan,2018,09,
"Jan 08, 2018",7.344,7.285,7.348,7.279,0.77%,Jan,2018,08,
"Jan 05, 2018",7.288,7.331,7.343,7.281,-0.59%,Jan,2018,05,
"Jan 04, 2018",7.331,7.346,7.365,7.328,0.12%,Jan,2018,04,
"Jan 03, 2018",7.322,7.405,7.423,7.32,-0.84%,Jan,2018,03,
"Jan 02, 2018",7.384,7.341,7.399,7.341,0.64%,Jan,2018,02,
"Jan 01, 2018",7.337,7.349,7.363,7.315,0.15%,Jan,2018,01,
"Dec 29, 2017",7.326,7.41,7.41,7.27,-0.95%,Dec,2017,29,
"Dec 28, 2017",7.396,7.303,7.399,7.302,2.45%,Dec,2017,28,
"Dec 27, 2017",7.219,7.304,7.304,7.218,-0.77%,Dec,2017,27,
"Dec 26, 2017",7.275,7.289,7.307,7.261,0.06%,Dec,2017,26,
"Dec 22, 2017",7.271,7.21,7.293,7.206,0.79%,Dec,2017,22,
"Dec 21, 2017",7.214,7.249,7.293,7.207,-0.07%,Dec,2017,21,
"Dec 20, 2017",7.219,7.204,7.223,7.195,0.57%,Dec,2017,20,
"Dec 19, 2017",7.178,7.198,7.198,7.164,-0.04%,Dec,2017,19,
"Dec 18, 2017",7.181,7.17,7.223,7.143,0.67%,Dec,2017,18,
"Dec 16, 2017",7.133,7.133,7.133,7.133,-0.01%,Dec,2017,16,
"Dec 15, 2017",7.134,7.113,7.14,7.112,0.06%,Dec,2017,15,
"Dec 14, 2017",7.13,7.143,7.169,7.126,-0.60%,Dec,2017,14,
"Dec 13, 2017",7.173,7.246,7.255,7.173,-0.25%,Dec,2017,13,
"Dec 12, 2017",7.191,7.22,7.235,7.169,0.26%,Dec,2017,12,
"Dec 11, 2017",7.172,7.094,7.177,7.089,1.17%,Dec,2017,11,
"Dec 08, 2017",7.089,7.08,7.109,7.073,0.50%,Dec,2017,08,
"Dec 07, 2017",7.054,7.015,7.061,7.012,0.33%,Dec,2017,07,
"Dec 06, 2017",7.031,7.06,7.084,7.029,-0.40%,Dec,2017,06,
"Dec 05, 2017",7.059,7.074,7.08,7.054,-0.34%,Dec,2017,05,
"Dec 04, 2017",7.083,7.088,7.107,7.071,0.35%,Dec,2017,04,
"Nov 30, 2017",7.058,7.05,7.071,7.032,0.47%,Nov,2017,30,
"Nov 29, 2017",7.025,7.037,7.045,7.017,-0.07%,Nov,2017,29,
"Nov 28, 2017",7.03,7.074,7.079,7.028,-0.37%,Nov,2017,28,
"Nov 27, 2017",7.056,7.012,7.06,7.012,0.77%,Nov,2017,27,
"Nov 24, 2017",7.002,7.009,7.043,6.996,0.24%,Nov,2017,24,
"Nov 23, 2017",6.985,6.947,7.022,6.946,0.37%,Nov,2017,23,
"Nov 22, 2017",6.959,6.899,6.979,6.899,0.91%,Nov,2017,22,
"Nov 21, 2017",6.896,6.891,6.918,6.886,0.10%,Nov,2017,21,
"Nov 20, 2017",6.889,6.979,6.979,6.887,-2.27%,Nov,2017,20,
"Nov 17, 2017",7.049,6.953,7.059,6.953,-0.18%,Nov,2017,17,
"Nov 16, 2017",7.062,7.023,7.084,7.02,0.66%,Nov,2017,16,
"Nov 15, 2017",7.016,7.031,7.038,7.016,-0.48%,Nov,2017,15,
"Nov 14, 2017",7.05,6.988,7.066,6.982,1.12%,Nov,2017,14,
"Nov 13, 2017",6.972,6.976,6.984,6.962,0.23%,Nov,2017,13,
"Nov 10, 2017",6.956,6.935,6.97,6.923,0.36%,Nov,2017,10,
"Nov 09, 2017",6.931,6.942,6.944,6.918,-0.12%,Nov,2017,09,
"Nov 08, 2017",6.939,6.925,6.949,6.918,0.16%,Nov,2017,08,
"Nov 07, 2017",6.928,6.923,6.942,6.919,0.49%,Nov,2017,07,
"Nov 06, 2017",6.894,6.871,6.901,6.87,0.52%,Nov,2017,06,
"Nov 03, 2017",6.858,6.859,6.876,6.847,-0.03%,Nov,2017,03,
"Nov 02, 2017",6.86,6.884,6.889,6.858,-0.46%,Nov,2017,02,
"Nov 01, 2017",6.892,6.879,6.896,6.872,0.44%,Nov,2017,01,
"Oct 31, 2017",6.862,6.87,6.898,6.856,-0.29%,Oct,2017,31,
"Oct 30, 2017",6.882,6.821,6.891,6.818,1.09%,Oct,2017,30,
"Oct 29, 2017",6.808,6.808,6.808,6.808,0.01%,Oct,2017,29,
"Oct 27, 2017",6.807,6.814,6.843,6.798,0.13%,Oct,2017,27,
"Oct 26, 2017",6.798,6.805,6.808,6.798,-0.23%,Oct,2017,26,
"Oct 25, 2017",6.814,6.809,6.816,6.795,0.47%,Oct,2017,25,
"Oct 24, 2017",6.782,6.798,6.799,6.768,-0.25%,Oct,2017,24,
"Oct 23, 2017",6.799,6.791,6.806,6.786,0.55%,Oct,2017,23,
"Oct 22, 2017",6.762,6.762,6.762,6.762,0.03%,Oct,2017,22,
"Oct 18, 2017",6.76,6.764,6.773,6.758,-0.04%,Oct,2017,18,
"Oct 17, 2017",6.763,6.745,6.77,6.742,0.43%,Oct,2017,17,
"Oct 16, 2017",6.734,6.732,6.746,6.73,0.00%,Oct,2017,16,
"Oct 13, 2017",6.734,6.723,6.749,6.72,-0.28%,Oct,2017,13,
"Oct 12, 2017",6.753,6.734,6.756,6.729,0.19%,Oct,2017,12,
"Oct 11, 2017",6.74,6.76,6.76,6.73,-0.01%,Oct,2017,11,
"Oct 10, 2017",6.741,6.786,6.786,6.739,-0.58%,Oct,2017,10,
"Oct 09, 2017",6.78,6.76,6.785,6.752,0.34%,Oct,2017,09,
"Oct 06, 2017",6.757,6.729,6.764,6.729,0.42%,Oct,2017,06,
"Oct 05, 2017",6.729,6.721,6.738,6.72,0.39%,Oct,2017,05,
"Oct 04, 2017",6.703,6.638,6.707,6.625,0.83%,Oct,2017,04,
"Oct 03, 2017",6.648,6.674,6.679,6.635,-0.23%,Oct,2017,03,
"Sep 29, 2017",6.663,6.629,6.71,6.608,0.33%,Sep,2017,29,
"Sep 28, 2017",6.641,6.682,6.683,6.618,-0.38%,Sep,2017,28,
"Sep 27, 2017",6.666,6.677,6.685,6.658,-0.04%,Sep,2017,27,
"Sep 26, 2017",6.669,6.63,6.674,6.63,0.77%,Sep,2017,26,
"Sep 25, 2017",6.618,6.667,6.667,6.615,-0.68%,Sep,2017,25,
"Sep 22, 2017",6.663,6.668,6.694,6.658,-0.16%,Sep,2017,22,
"Sep 21, 2017",6.674,6.615,6.677,6.594,1.47%,Sep,2017,21,
"Sep 20, 2017",6.577,6.594,6.597,6.577,-0.21%,Sep,2017,20,
"Sep 19, 2017",6.591,6.603,6.615,6.591,-0.29%,Sep,2017,19,
"Sep 18, 2017",6.61,6.607,6.623,6.596,0.18%,Sep,2017,18,
"Sep 15, 2017",6.598,6.589,6.613,6.576,0.12%,Sep,2017,15,
"Sep 14, 2017",6.59,6.594,6.597,6.582,0.06%,Sep,2017,14,
"Sep 13, 2017",6.586,6.586,6.594,6.571,0.44%,Sep,2017,13,
"Sep 12, 2017",6.557,6.569,6.572,6.552,-0.08%,Sep,2017,12,
"Sep 11, 2017",6.562,6.545,6.565,6.545,0.29%,Sep,2017,11,
"Sep 08, 2017",6.543,6.504,6.548,6.503,0.43%,Sep,2017,08,
"Sep 07, 2017",6.515,6.512,6.526,6.509,0.12%,Sep,2017,07,
"Sep 06, 2017",6.507,6.48,6.526,6.477,0.15%,Sep,2017,06,
"Sep 05, 2017",6.497,6.496,6.512,6.491,0.02%,Sep,2017,05,
"Sep 04, 2017",6.496,6.49,6.532,6.49,0.20%,Sep,2017,04,
"Sep 01, 2017",6.483,6.492,6.499,6.478,-0.64%,Sep,2017,01,
"Aug 31, 2017",6.525,6.544,6.55,6.525,-0.17%,Aug,2017,31,
"Aug 30, 2017",6.536,6.543,6.55,6.528,0.05%,Aug,2017,30,
"Aug 29, 2017",6.533,6.576,6.576,6.533,-0.53%,Aug,2017,29,
"Aug 28, 2017",6.568,6.528,6.575,6.528,0.46%,Aug,2017,28,
"Aug 24, 2017",6.538,6.542,6.548,6.531,0.05%,Aug,2017,24,
"Aug 23, 2017",6.535,6.539,6.547,6.527,0.00%,Aug,2017,23,
"Aug 22, 2017",6.535,6.513,6.54,6.505,0.38%,Aug,2017,22,
"Aug 21, 2017",6.51,6.51,6.516,6.505,0.02%,Aug,2017,21,
"Aug 18, 2017",6.509,6.521,6.521,6.495,-0.37%,Aug,2017,18,
"Aug 16, 2017",6.533,6.534,6.545,6.525,0.20%,Aug,2017,16,
"Aug 14, 2017",6.52,6.498,6.525,6.491,0.28%,Aug,2017,14,
"Aug 11, 2017",6.502,6.505,6.514,6.483,0.12%,Aug,2017,11,
"Aug 10, 2017",6.494,6.472,6.498,6.462,0.45%,Aug,2017,10,
"Aug 09, 2017",6.465,6.46,6.47,6.452,0.12%,Aug,2017,09,
"Aug 08, 2017",6.457,6.46,6.465,6.45,0.00%,Aug,2017,08,
"Aug 07, 2017",6.457,6.453,6.465,6.442,0.25%,Aug,2017,07,
"Aug 06, 2017",6.441,6.441,6.441,6.441,0.05%,Aug,2017,06,
"Aug 04, 2017",6.438,6.423,6.443,6.419,0.14%,Aug,2017,04,
"Aug 03, 2017",6.429,6.46,6.467,6.429,-0.48%,Aug,2017,03,
"Aug 02, 2017",6.46,6.438,6.481,6.434,0.31%,Aug,2017,02,
"Aug 01, 2017",6.44,6.466,6.466,6.438,-0.39%,Aug,2017,01,
"Jul 31, 2017",6.465,6.452,6.476,6.447,0.05%,Jul,2017,31,
"Jul 28, 2017",6.462,6.443,6.467,6.433,0.34%,Jul,2017,28,
"Jul 27, 2017",6.44,6.425,6.442,6.418,-0.09%,Jul,2017,27,
"Jul 26, 2017",6.446,6.45,6.451,6.436,0.23%,Jul,2017,26,
"Jul 25, 2017",6.431,6.418,6.443,6.406,0.27%,Jul,2017,25,
"Jul 24, 2017",6.414,6.432,6.435,6.404,-0.34%,Jul,2017,24,
"Jul 21, 2017",6.436,6.449,6.452,6.431,-0.26%,Jul,2017,21,
"Jul 20, 2017",6.453,6.451,6.453,6.445,0.06%,Jul,2017,20,
"Jul 19, 2017",6.449,6.449,6.455,6.441,-0.09%,Jul,2017,19,
"Jul 18, 2017",6.455,6.454,6.462,6.446,-0.02%,Jul,2017,18,
"Jul 17, 2017",6.456,6.462,6.466,6.444,-0.11%,Jul,2017,17,
"Jul 16, 2017",6.463,6.463,6.463,6.463,0.00%,Jul,2017,16,
"Jul 14, 2017",6.463,6.463,6.463,6.463,0.12%,Jul,2017,14,
"Jul 13, 2017",6.455,6.455,6.455,6.455,-0.08%,Jul,2017,13,
"Jul 12, 2017",6.46,6.46,6.46,6.46,-0.42%,Jul,2017,12,
"Jul 11, 2017",6.487,6.487,6.487,6.487,0.26%,Jul,2017,11,
"Jul 10, 2017",6.47,6.47,6.47,6.47,-0.95%,Jul,2017,10,
"Jul 07, 2017",6.532,6.532,6.532,6.532,-0.11%,Jul,2017,07,
"Jul 06, 2017",6.539,6.539,6.539,6.539,-0.17%,Jul,2017,06,
"Jul 05, 2017",6.55,6.55,6.55,6.55,0.02%,Jul,2017,05,
"Jul 04, 2017",6.549,6.549,6.549,6.549,-0.15%,Jul,2017,04,
"Jul 03, 2017",6.559,6.559,6.559,6.559,0.74%,Jul,2017,03,
"Jul 02, 2017",6.511,6.511,6.511,6.511,0.00%,Jul,2017,02,
"Jul 01, 2017",6.511,6.511,6.511,6.511,0.00%,Jul,2017,01,
"Jun 30, 2017",6.511,6.511,6.511,6.511,0.09%,Jun,2017,30,
"Jun 29, 2017",6.505,6.505,6.505,6.505,0.08%,Jun,2017,29,
"Jun 28, 2017",6.5,6.5,6.5,6.5,0.57%,Jun,2017,28,
"Jun 27, 2017",6.463,6.463,6.463,6.463,0.05%,Jun,2017,27,
"Jun 25, 2017",6.46,6.46,6.46,6.46,0.00%,Jun,2017,25,
"Jun 23, 2017",6.46,6.46,6.46,6.46,0.11%,Jun,2017,23,
"Jun 22, 2017",6.453,6.453,6.453,6.453,0.39%,Jun,2017,22,
"Jun 21, 2017",6.428,6.428,6.428,6.428,-0.28%,Jun,2017,21,
"Jun 20, 2017",6.446,6.446,6.446,6.446,-0.32%,Jun,2017,20,
"Jun 19, 2017",6.467,6.467,6.467,6.467,-0.34%,Jun,2017,19,
"Jun 16, 2017",6.489,6.489,6.489,6.489,0.12%,Jun,2017,16,
"Jun 15, 2017",6.481,6.481,6.481,6.481,0.15%,Jun,2017,15,
"Jun 14, 2017",6.471,6.471,6.471,6.471,-0.34%,Jun,2017,14,
"Jun 13, 2017",6.493,6.493,6.493,6.493,-0.35%,Jun,2017,13,
"Jun 12, 2017",6.516,6.516,6.516,6.516,0.20%,Jun,2017,12,
"Jun 09, 2017",6.503,6.503,6.503,6.503,-0.44%,Jun,2017,09,
"Jun 08, 2017",6.532,6.532,6.532,6.532,-0.52%,Jun,2017,08,
"Jun 07, 2017",6.566,6.566,6.566,6.566,-1.10%,Jun,2017,07,
"Jun 06, 2017",6.639,6.639,6.639,6.639,-0.11%,Jun,2017,06,
"Jun 05, 2017",6.646,6.646,6.646,6.646,0.29%,Jun,2017,05,
"Jun 02, 2017",6.627,6.627,6.627,6.627,0.02%,Jun,2017,02,
"Jun 01, 2017",6.626,6.626,6.626,6.626,-0.57%,Jun,2017,01,
"May 31, 2017",6.664,6.664,6.664,6.664,0.00%,May,2017,31,
"May 30, 2017",6.664,6.664,6.664,6.664,-0.06%,May,2017,30,
"May 29, 2017",6.668,6.668,6.668,6.668,-1.80%,May,2017,29,
"May 26, 2017",6.79,6.79,6.79,6.79,0.00%,May,2017,26,
"May 25, 2017",6.79,6.79,6.79,6.79,-0.18%,May,2017,25,
"May 24, 2017",6.802,6.802,6.802,6.802,0.13%,May,2017,24,
"May 23, 2017",6.793,6.793,6.793,6.793,0.30%,May,2017,23,
"May 22, 2017",6.773,6.773,6.773,6.773,-1.25%,May,2017,22,
"May 19, 2017",6.859,6.859,6.859,6.859,0.23%,May,2017,19,
"May 18, 2017",6.843,6.843,6.843,6.843,-0.01%,May,2017,18,
"May 17, 2017",6.844,6.844,6.844,6.844,0.07%,May,2017,17,
"May 16, 2017",6.839,6.839,6.839,6.839,0.46%,May,2017,16,
"May 15, 2017",6.808,6.808,6.808,6.808,-1.48%,May,2017,15,
"May 12, 2017",6.91,6.91,6.91,6.91,-0.48%,May,2017,12,
"May 11, 2017",6.943,6.943,6.943,6.943,0.00%,May,2017,11,
"May 09, 2017",6.943,6.943,6.943,6.943,0.19%,May,2017,09,
"May 08, 2017",6.93,6.93,6.93,6.93,-0.19%,May,2017,08,
"May 07, 2017",6.943,6.943,6.943,6.943,0.00%,May,2017,07,
"May 05, 2017",6.943,6.943,6.943,6.943,-0.40%,May,2017,05,
"May 04, 2017",6.971,6.971,6.971,6.971,0.23%,May,2017,04,
"May 03, 2017",6.955,6.955,6.955,6.955,-0.53%,May,2017,03,
"May 02, 2017",6.992,6.992,6.992,6.992,0.40%,May,2017,02,
"Apr 28, 2017",6.964,6.964,6.964,6.964,0.27%,Apr,2017,28,
"Apr 27, 2017",6.945,6.945,6.945,6.945,-0.12%,Apr,2017,27,
"Apr 26, 2017",6.953,6.953,6.953,6.953,0.25%,Apr,2017,26,
"Apr 25, 2017",6.936,6.936,6.936,6.936,-0.10%,Apr,2017,25,
"Apr 24, 2017",6.943,6.943,6.943,6.943,0.29%,Apr,2017,24,
"Apr 22, 2017",6.923,6.923,6.923,6.923,0.00%,Apr,2017,22,
"Apr 21, 2017",6.923,6.923,6.923,6.923,0.65%,Apr,2017,21,
"Apr 20, 2017",6.878,6.878,6.878,6.878,0.35%,Apr,2017,20,
"Apr 19, 2017",6.854,6.854,6.854,6.854,-0.12%,Apr,2017,19,
"Apr 18, 2017",6.862,6.862,6.862,6.862,0.22%,Apr,2017,18,
"Apr 17, 2017",6.847,6.847,6.847,6.847,0.40%,Apr,2017,17,
"Apr 13, 2017",6.82,6.82,6.82,6.82,0.56%,Apr,2017,13,
"Apr 12, 2017",6.782,6.782,6.782,6.782,-0.38%,Apr,2017,12,
"Apr 11, 2017",6.808,6.808,6.808,6.808,-0.83%,Apr,2017,11,
"Apr 10, 2017",6.865,6.865,6.865,6.865,0.65%,Apr,2017,10,
"Apr 07, 2017",6.821,6.821,6.821,6.821,0.78%,Apr,2017,07,
"Apr 06, 2017",6.768,6.768,6.768,6.768,1.71%,Apr,2017,06,
"Apr 05, 2017",6.654,6.654,6.654,6.654,0.00%,Apr,2017,05,
"Apr 03, 2017",6.654,6.654,6.654,6.654,-0.60%,Apr,2017,03,
"Mar 31, 2017",6.694,6.694,6.694,6.694,0.09%,Mar,2017,31,
"Mar 30, 2017",6.688,6.688,6.688,6.688,-0.90%,Mar,2017,30,
"Mar 29, 2017",6.749,6.749,6.749,6.749,0.57%,Mar,2017,29,
"Mar 27, 2017",6.711,6.711,6.711,6.711,-1.76%,Mar,2017,27,
"Mar 26, 2017",6.831,6.831,6.831,6.831,0.00%,Mar,2017,26,
"Mar 24, 2017",6.831,6.831,6.831,6.831,0.06%,Mar,2017,24,
"Mar 23, 2017",6.827,6.827,6.827,6.827,0.19%,Mar,2017,23,
"Mar 22, 2017",6.814,6.814,6.814,6.814,-1.05%,Mar,2017,22,
"Mar 21, 2017",6.886,6.886,6.886,6.886,-0.12%,Mar,2017,21,
"Mar 20, 2017",6.894,6.894,6.894,6.894,0.51%,Mar,2017,20,
"Mar 18, 2017",6.859,6.859,6.859,6.859,0.00%,Mar,2017,18,
"Mar 17, 2017",6.859,6.859,6.859,6.859,0.23%,Mar,2017,17,
"Mar 16, 2017",6.843,6.843,6.843,6.843,0.21%,Mar,2017,16,
"Mar 15, 2017",6.829,6.829,6.829,6.829,-1.10%,Mar,2017,15,
"Mar 14, 2017",6.905,6.905,6.905,6.905,0.03%,Mar,2017,14,
"Mar 10, 2017",6.903,6.903,6.903,6.903,0.61%,Mar,2017,10,
"Mar 09, 2017",6.861,6.861,6.861,6.861,0.00%,Mar,2017,09,
"Mar 08, 2017",6.861,6.861,6.861,6.861,0.40%,Mar,2017,08,
"Mar 07, 2017",6.834,6.834,6.834,6.834,-0.48%,Mar,2017,07,
"Mar 06, 2017",6.867,6.867,6.867,6.867,1.30%,Mar,2017,06,
"Mar 03, 2017",6.779,6.779,6.779,6.779,-0.92%,Mar,2017,03,
"Mar 02, 2017",6.842,6.842,6.842,6.842,-1.28%,Mar,2017,02,
"Mar 01, 2017",6.931,6.931,6.931,6.931,0.87%,Mar,2017,01,
"Feb 28, 2017",6.871,6.871,6.871,6.871,-0.15%,Feb,2017,28,
"Feb 27, 2017",6.881,6.881,6.881,6.881,-0.49%,Feb,2017,27,
"Feb 23, 2017",6.915,6.915,6.915,6.915,-0.39%,Feb,2017,23,
"Feb 22, 2017",6.942,6.942,6.942,6.942,0.56%,Feb,2017,22,
"Feb 20, 2017",6.903,6.903,6.903,6.903,0.76%,Feb,2017,20,
"Feb 17, 2017",6.851,6.851,6.851,6.851,0.09%,Feb,2017,17,
"Feb 16, 2017",6.845,6.845,6.845,6.845,-0.25%,Feb,2017,16,
"Feb 15, 2017",6.862,6.862,6.862,6.862,-0.17%,Feb,2017,15,
"Feb 14, 2017",6.874,6.874,6.874,6.874,0.67%,Feb,2017,14,
"Feb 13, 2017",6.828,6.828,6.828,6.828,0.34%,Feb,2017,13,
"Feb 10, 2017",6.805,6.805,6.805,6.805,-0.76%,Feb,2017,10,
"Feb 09, 2017",6.857,6.857,6.857,6.857,1.57%,Feb,2017,09,
"Feb 08, 2017",6.751,6.751,6.751,6.751,4.98%,Feb,2017,08,
"Feb 07, 2017",6.431,6.431,6.431,6.431,0.28%,Feb,2017,07,
"Feb 06, 2017",6.413,6.413,6.413,6.413,0.05%,Feb,2017,06,
"Feb 03, 2017",6.41,6.41,6.41,6.41,0.12%,Feb,2017,03,
"Feb 02, 2017",6.402,6.402,6.402,6.402,-0.45%,Feb,2017,02,
"Feb 01, 2017",6.431,6.431,6.431,6.431,0.34%,Feb,2017,01,
"Jan 31, 2017",6.409,6.409,6.409,6.409,0.06%,Jan,2017,31,
"Jan 30, 2017",6.405,6.405,6.405,6.405,0.05%,Jan,2017,30,
"Jan 27, 2017",6.402,6.402,6.402,6.402,-0.39%,Jan,2017,27,
"Jan 25, 2017",6.427,6.427,6.427,6.427,-0.12%,Jan,2017,25,
"Jan 24, 2017",6.435,6.435,6.435,6.435,-0.26%,Jan,2017,24,
"Jan 23, 2017",6.452,6.452,6.452,6.452,-0.22%,Jan,2017,23,
"Jan 20, 2017",6.466,6.466,6.466,6.466,-0.15%,Jan,2017,20,
"Jan 19, 2017",6.476,6.476,6.476,6.476,0.34%,Jan,2017,19,
"Jan 18, 2017",6.454,6.454,6.454,6.454,0.50%,Jan,2017,18,
"Jan 17, 2017",6.422,6.422,6.422,6.422,-0.26%,Jan,2017,17,
"Jan 16, 2017",6.439,6.439,6.439,6.439,0.34%,Jan,2017,16,
"Jan 13, 2017",6.417,6.417,6.417,6.417,0.71%,Jan,2017,13,
"Jan 12, 2017",6.372,6.372,6.372,6.372,-0.34%,Jan,2017,12,
"Jan 11, 2017",6.394,6.394,6.394,6.394,-0.06%,Jan,2017,11,
"Jan 10, 2017",6.398,6.398,6.398,6.398,0.02%,Jan,2017,10,
"Jan 09, 2017",6.397,6.397,6.397,6.397,0.16%,Jan,2017,09,
"Jan 06, 2017",6.387,6.387,6.387,6.387,0.02%,Jan,2017,06,
"Jan 05, 2017",6.386,6.386,6.386,6.386,0.33%,Jan,2017,05,
"Jan 04, 2017",6.365,6.365,6.365,6.365,-1.24%,Jan,2017,04,
"Jan 03, 2017",6.445,6.445,6.445,6.445,0.61%,Jan,2017,03,
"Jan 02, 2017",6.406,6.406,6.406,6.406,-1.69%,Jan,2017,02,
"Dec 30, 2016",6.516,6.516,6.516,6.516,-0.11%,Dec,2016,30,
"Dec 29, 2016",6.523,6.523,6.523,6.523,-0.94%,Dec,2016,29,
"Dec 28, 2016",6.585,6.585,6.585,6.585,-0.09%,Dec,2016,28,
"Dec 27, 2016",6.591,6.591,6.591,6.591,0.26%,Dec,2016,27,
"Dec 26, 2016",6.574,6.574,6.574,6.574,0.46%,Dec,2016,26,
"Dec 23, 2016",6.544,6.544,6.544,6.544,0.43%,Dec,2016,23,
"Dec 22, 2016",6.516,6.516,6.516,6.516,0.82%,Dec,2016,22,
"Dec 21, 2016",6.463,6.463,6.463,6.463,-0.26%,Dec,2016,21,
"Dec 20, 2016",6.48,6.48,6.48,6.48,-0.46%,Dec,2016,20,
"Dec 19, 2016",6.51,6.51,6.51,6.51,0.06%,Dec,2016,19,
"Dec 16, 2016",6.506,6.506,6.506,6.506,-0.46%,Dec,2016,16,
"Dec 15, 2016",6.536,6.536,6.536,6.536,2.00%,Dec,2016,15,
"Dec 14, 2016",6.408,6.408,6.408,6.408,-0.23%,Dec,2016,14,
"Dec 13, 2016",6.423,6.423,6.423,6.423,-0.28%,Dec,2016,13,
"Dec 09, 2016",6.441,6.441,6.441,6.441,0.66%,Dec,2016,09,
"Dec 08, 2016",6.399,6.399,6.399,6.399,-0.11%,Dec,2016,08,
"Dec 07, 2016",6.406,6.406,6.406,6.406,3.29%,Dec,2016,07,
"Dec 06, 2016",6.202,6.202,6.202,6.202,-0.24%,Dec,2016,06,
"Dec 05, 2016",6.217,6.217,6.217,6.217,-0.26%,Dec,2016,05,
"Dec 02, 2016",6.233,6.233,6.233,6.233,0.29%,Dec,2016,02,
"Dec 01, 2016",6.215,6.215,6.215,6.215,-0.50%,Dec,2016,01,
"Nov 30, 2016",6.246,6.246,6.246,6.246,-1.17%,Nov,2016,30,
"Nov 29, 2016",6.32,6.32,6.32,6.32,-0.09%,Nov,2016,29,
"Nov 28, 2016",6.326,6.326,6.326,6.326,1.49%,Nov,2016,28,
"Nov 25, 2016",6.233,6.233,6.233,6.233,0.74%,Nov,2016,25,
"Nov 24, 2016",6.187,6.187,6.187,6.187,-1.48%,Nov,2016,24,
"Nov 23, 2016",6.28,6.28,6.28,6.28,-0.46%,Nov,2016,23,
"Nov 22, 2016",6.309,6.309,6.309,6.309,0.08%,Nov,2016,22,
"Nov 21, 2016",6.304,6.304,6.304,6.304,-1.93%,Nov,2016,21,
"Nov 18, 2016",6.428,6.428,6.428,6.428,0.14%,Nov,2016,18,
"Nov 17, 2016",6.419,6.419,6.419,6.419,-0.42%,Nov,2016,17,
"Nov 16, 2016",6.446,6.446,6.446,6.446,-1.35%,Nov,2016,16,
"Nov 15, 2016",6.534,6.534,6.534,6.534,-2.85%,Nov,2016,15,
"Nov 11, 2016",6.726,6.726,6.726,6.726,1.01%,Nov,2016,11,
"Nov 10, 2016",6.659,6.659,6.659,6.659,-0.13%,Nov,2016,10,
"Nov 09, 2016",6.668,6.668,6.668,6.668,-1.93%,Nov,2016,09,
"Nov 08, 2016",6.799,6.799,6.799,6.799,-0.53%,Nov,2016,08,
"Nov 07, 2016",6.835,6.835,6.835,6.835,-0.10%,Nov,2016,07,
"Nov 04, 2016",6.842,6.842,6.842,6.842,0.31%,Nov,2016,04,
"Nov 03, 2016",6.821,6.821,6.821,6.821,-1.17%,Nov,2016,03,
"Nov 02, 2016",6.902,6.902,6.902,6.902,-0.13%,Nov,2016,02,
"Nov 01, 2016",6.911,6.911,6.911,6.911,0.36%,Nov,2016,01,
"Oct 28, 2016",6.886,6.886,6.886,6.886,-0.06%,Oct,2016,28,
"Oct 27, 2016",6.89,6.89,6.89,6.89,0.26%,Oct,2016,27,
"Oct 26, 2016",6.872,6.872,6.872,6.872,0.01%,Oct,2016,26,
"Oct 25, 2016",6.871,6.871,6.871,6.871,0.22%,Oct,2016,25,
"Oct 24, 2016",6.856,6.856,6.856,6.856,0.09%,Oct,2016,24,
"Oct 21, 2016",6.85,6.85,6.85,6.85,0.01%,Oct,2016,21,
"Oct 20, 2016",6.849,6.849,6.849,6.849,0.44%,Oct,2016,20,
"Oct 19, 2016",6.819,6.819,6.819,6.819,0.06%,Oct,2016,19,
"Oct 18, 2016",6.815,6.815,6.815,6.815,-0.44%,Oct,2016,18,
"Oct 17, 2016",6.845,6.845,6.845,6.845,-0.13%,Oct,2016,17,
"Oct 15, 2016",6.854,6.854,6.854,6.854,0.00%,Oct,2016,15,
"Oct 14, 2016",6.854,6.854,6.854,6.854,0.35%,Oct,2016,14,
"Oct 13, 2016",6.83,6.83,6.83,6.83,0.16%,Oct,2016,13,
"Oct 10, 2016",6.819,6.819,6.819,6.819,-0.44%,Oct,2016,10,
"Oct 07, 2016",6.849,6.849,6.849,6.849,0.38%,Oct,2016,07,
"Oct 06, 2016",6.823,6.823,6.823,6.823,0.37%,Oct,2016,06,
"Oct 05, 2016",6.798,6.798,6.798,6.798,-0.63%,Oct,2016,05,
"Oct 04, 2016",6.841,6.841,6.841,6.841,-0.86%,Oct,2016,04,
"Oct 03, 2016",6.9,6.9,6.9,6.9,-0.89%,Oct,2016,03,
"Sep 30, 2016",6.962,6.962,6.962,6.962,-0.76%,Sep,2016,30,
"Sep 29, 2016",7.015,7.015,7.015,7.015,1.33%,Sep,2016,29,
"Sep 28, 2016",6.923,6.923,6.923,6.923,-0.19%,Sep,2016,28,
"Sep 27, 2016",6.936,6.936,6.936,6.936,0.00%,Sep,2016,27,
"Sep 26, 2016",6.936,6.936,6.936,6.936,-0.43%,Sep,2016,26,
"Sep 25, 2016",6.966,6.966,6.966,6.966,0.00%,Sep,2016,25,
"Sep 24, 2016",6.966,6.966,6.966,6.966,0.00%,Sep,2016,24,
"Sep 23, 2016",6.966,6.966,6.966,6.966,-0.16%,Sep,2016,23,
"Sep 22, 2016",6.977,6.977,6.977,6.977,-0.89%,Sep,2016,22,
"Sep 21, 2016",7.04,7.04,7.04,7.04,-0.35%,Sep,2016,21,
"Sep 20, 2016",7.065,7.065,7.065,7.065,0.16%,Sep,2016,20,
"Sep 19, 2016",7.054,7.054,7.054,7.054,0.03%,Sep,2016,19,
"Sep 17, 2016",7.052,7.052,7.052,7.052,0.00%,Sep,2016,17,
"Sep 16, 2016",7.052,7.052,7.052,7.052,-0.21%,Sep,2016,16,
"Sep 15, 2016",7.067,7.067,7.067,7.067,-0.21%,Sep,2016,15,
"Sep 14, 2016",7.082,7.082,7.082,7.082,-0.04%,Sep,2016,14,
"Sep 12, 2016",7.085,7.085,7.085,7.085,0.37%,Sep,2016,12,
"Sep 09, 2016",7.059,7.059,7.059,7.059,0.20%,Sep,2016,09,
"Sep 08, 2016",7.045,7.045,7.045,7.045,-0.14%,Sep,2016,08,
"Sep 07, 2016",7.055,7.055,7.055,7.055,-0.59%,Sep,2016,07,
"Sep 06, 2016",7.097,7.097,7.097,7.097,-0.31%,Sep,2016,06,
"Sep 02, 2016",7.119,7.119,7.119,7.119,-0.01%,Sep,2016,02,
"Sep 01, 2016",7.12,7.12,7.12,7.12,0.14%,Sep,2016,01,
"Aug 31, 2016",7.11,7.11,7.11,7.11,0.00%,Aug,2016,31,
"Aug 30, 2016",7.11,7.11,7.11,7.11,-0.18%,Aug,2016,30,
"Aug 29, 2016",7.123,7.123,7.123,7.123,-0.08%,Aug,2016,29,
"Aug 26, 2016",7.129,7.129,7.129,7.129,0.08%,Aug,2016,26,
"Aug 25, 2016",7.123,7.123,7.123,7.123,-0.18%,Aug,2016,25,
"Aug 24, 2016",7.136,7.136,7.136,7.136,-0.31%,Aug,2016,24,
"Aug 23, 2016",7.158,7.158,7.158,7.158,0.01%,Aug,2016,23,
"Aug 22, 2016",7.157,7.157,7.157,7.157,0.77%,Aug,2016,22,
"Aug 19, 2016",7.102,7.102,7.102,7.102,-0.56%,Aug,2016,19,
"Aug 18, 2016",7.142,7.142,7.142,7.142,0.51%,Aug,2016,18,
"Aug 16, 2016",7.106,7.106,7.106,7.106,0.04%,Aug,2016,16,
"Aug 14, 2016",7.103,7.103,7.103,7.103,0.00%,Aug,2016,14,
"Aug 13, 2016",7.103,7.103,7.103,7.103,0.00%,Aug,2016,13,
"Aug 12, 2016",7.103,7.103,7.103,7.103,0.28%,Aug,2016,12,
"Aug 11, 2016",7.083,7.083,7.083,7.083,-0.25%,Aug,2016,11,
"Aug 10, 2016",7.101,7.101,7.101,7.101,-0.34%,Aug,2016,10,
"Aug 09, 2016",7.125,7.125,7.125,7.125,-0.67%,Aug,2016,09,
"Aug 08, 2016",7.173,7.173,7.173,7.173,0.07%,Aug,2016,08,
"Aug 06, 2016",7.168,7.168,7.168,7.168,0.00%,Aug,2016,06,
"Aug 05, 2016",7.168,7.168,7.168,7.168,-0.06%,Aug,2016,05,
"Aug 04, 2016",7.172,7.172,7.172,7.172,-0.33%,Aug,2016,04,
"Aug 03, 2016",7.196,7.196,7.196,7.196,0.29%,Aug,2016,03,
"Aug 02, 2016",7.175,7.175,7.175,7.175,0.52%,Aug,2016,02,
"Aug 01, 2016",7.138,7.138,7.138,7.138,-0.36%,Aug,2016,01,
"Jul 29, 2016",7.164,7.164,7.164,7.164,-0.36%,Jul,2016,29,
"Jul 28, 2016",7.19,7.19,7.19,7.19,-0.87%,Jul,2016,28,
"Jul 27, 2016",7.253,7.253,7.253,7.253,0.04%,Jul,2016,27,
"Jul 26, 2016",7.25,7.25,7.25,7.25,0.01%,Jul,2016,26,
"Jul 25, 2016",7.249,7.249,7.249,7.249,-0.03%,Jul,2016,25,
"Jul 22, 2016",7.251,7.251,7.251,7.251,-0.18%,Jul,2016,22,
"Jul 21, 2016",7.264,7.264,7.264,7.264,-0.08%,Jul,2016,21,
"Jul 20, 2016",7.27,7.27,7.27,7.27,-0.16%,Jul,2016,20,
"Jul 19, 2016",7.282,7.282,7.282,7.282,-0.16%,Jul,2016,19,
"Jul 18, 2016",7.294,7.294,7.294,7.294,0.30%,Jul,2016,18,
"Jul 15, 2016",7.272,7.272,7.272,7.272,-0.21%,Jul,2016,15,
"Jul 14, 2016",7.287,7.287,7.287,7.287,0.04%,Jul,2016,14,
"Jul 13, 2016",7.284,7.284,7.284,7.284,-0.72%,Jul,2016,13,
"Jul 12, 2016",7.337,7.337,7.337,7.337,-0.64%,Jul,2016,12,
"Jul 11, 2016",7.384,7.384,7.384,7.384,-0.01%,Jul,2016,11,
"Jul 08, 2016",7.385,7.385,7.385,7.385,0.04%,Jul,2016,08,
"Jul 07, 2016",7.382,7.382,7.382,7.382,-0.16%,Jul,2016,07,
"Jul 05, 2016",7.394,7.394,7.394,7.394,-0.43%,Jul,2016,05,
"Jul 04, 2016",7.426,7.426,7.426,7.426,0.09%,Jul,2016,04,
"Jul 01, 2016",7.419,7.419,7.419,7.419,-0.42%,Jul,2016,01,
"Jun 30, 2016",7.45,7.45,7.45,7.45,0.08%,Jun,2016,30,
"Jun 29, 2016",7.444,7.444,7.444,7.444,-0.12%,Jun,2016,29,
"Jun 28, 2016",7.453,7.453,7.453,7.453,-0.08%,Jun,2016,28,
"Jun 27, 2016",7.459,7.459,7.459,7.459,-0.23%,Jun,2016,27,
"Jun 24, 2016",7.476,7.476,7.476,7.476,-0.07%,Jun,2016,24,
"Jun 23, 2016",7.481,7.481,7.481,7.481,0.07%,Jun,2016,23,
"Jun 22, 2016",7.476,7.476,7.476,7.476,-0.29%,Jun,2016,22,
"Jun 21, 2016",7.498,7.498,7.498,7.498,0.03%,Jun,2016,21,
"Jun 20, 2016",7.496,7.496,7.496,7.496,-0.09%,Jun,2016,20,
"Jun 17, 2016",7.503,7.503,7.503,7.503,-0.04%,Jun,2016,17,
"Jun 16, 2016",7.506,7.506,7.506,7.506,-0.15%,Jun,2016,16,
"Jun 15, 2016",7.517,7.517,7.517,7.517,-0.03%,Jun,2016,15,
"Jun 14, 2016",7.519,7.519,7.519,7.519,-0.08%,Jun,2016,14,
"Jun 13, 2016",7.525,7.525,7.525,7.525,0.44%,Jun,2016,13,
"Jun 10, 2016",7.492,7.492,7.492,7.492,0.05%,Jun,2016,10,
"Jun 09, 2016",7.488,7.488,7.488,7.488,-0.01%,Jun,2016,09,
"Jun 08, 2016",7.489,7.489,7.489,7.489,0.08%,Jun,2016,08,
"Jun 07, 2016",7.483,7.483,7.483,7.483,0.13%,Jun,2016,07,
"Jun 06, 2016",7.473,7.473,7.473,7.473,-0.21%,Jun,2016,06,
"Jun 03, 2016",7.489,7.489,7.489,7.489,0.05%,Jun,2016,03,
"Jun 02, 2016",7.485,7.485,7.485,7.485,-0.04%,Jun,2016,02,
"Jun 01, 2016",7.488,7.488,7.488,7.488,0.23%,Jun,2016,01,
"May 31, 2016",7.471,7.471,7.471,7.471,0.13%,May,2016,31,
"May 30, 2016",7.461,7.461,7.461,7.461,-0.13%,May,2016,30,
"May 28, 2016",7.471,7.471,7.471,7.471,0.00%,May,2016,28,
"May 27, 2016",7.471,7.471,7.471,7.471,0.00%,May,2016,27,
"May 26, 2016",7.471,7.471,7.471,7.471,0.09%,May,2016,26,
"May 25, 2016",7.464,7.464,7.464,7.464,-0.03%,May,2016,25,
"May 24, 2016",7.466,7.466,7.466,7.466,0.00%,May,2016,24,
"May 23, 2016",7.466,7.466,7.466,7.466,-0.17%,May,2016,23,
"May 20, 2016",7.479,7.479,7.479,7.479,0.12%,May,2016,20,
"May 19, 2016",7.47,7.47,7.47,7.47,-0.08%,May,2016,19,
"May 18, 2016",7.476,7.476,7.476,7.476,0.30%,May,2016,18,
"May 17, 2016",7.454,7.454,7.454,7.454,0.00%,May,2016,17,
"May 16, 2016",7.454,7.454,7.454,7.454,0.05%,May,2016,16,
"May 13, 2016",7.45,7.45,7.45,7.45,0.36%,May,2016,13,
"May 12, 2016",7.423,7.423,7.423,7.423,-0.07%,May,2016,12,
"May 11, 2016",7.428,7.428,7.428,7.428,0.00%,May,2016,11,
"May 10, 2016",7.428,7.428,7.428,7.428,0.04%,May,2016,10,
"May 09, 2016",7.425,7.425,7.425,7.425,-0.13%,May,2016,09,
"May 06, 2016",7.435,7.435,7.435,7.435,0.00%,May,2016,06,
"May 05, 2016",7.435,7.435,7.435,7.435,0.04%,May,2016,05,
"May 04, 2016",7.432,7.432,7.432,7.432,-0.13%,May,2016,04,
"May 03, 2016",7.442,7.442,7.442,7.442,0.01%,May,2016,03,
"May 02, 2016",7.441,7.441,7.441,7.441,0.05%,May,2016,02,
"Apr 29, 2016",7.437,7.437,7.437,7.437,-0.08%,Apr,2016,29,
"Apr 28, 2016",7.443,7.443,7.443,7.443,-0.27%,Apr,2016,28,
"Apr 27, 2016",7.463,7.463,7.463,7.463,-0.12%,Apr,2016,27,
"Apr 26, 2016",7.472,7.472,7.472,7.472,0.03%,Apr,2016,26,
"Apr 25, 2016",7.47,7.47,7.47,7.47,0.19%,Apr,2016,25,
"Apr 22, 2016",7.456,7.456,7.456,7.456,-0.27%,Apr,2016,22,
"Apr 21, 2016",7.476,7.476,7.476,7.476,0.51%,Apr,2016,21,
"Apr 20, 2016",7.438,7.438,7.438,7.438,0.28%,Apr,2016,20,
"Apr 18, 2016",7.417,7.417,7.417,7.417,-0.27%,Apr,2016,18,
"Apr 13, 2016",7.437,7.437,7.437,7.437,0.27%,Apr,2016,13,
"Apr 12, 2016",7.417,7.417,7.417,7.417,-0.01%,Apr,2016,12,
"Apr 11, 2016",7.418,7.418,7.418,7.418,-0.42%,Apr,2016,11,
"Apr 07, 2016",7.449,7.449,7.449,7.449,-0.17%,Apr,2016,07,
"Apr 06, 2016",7.462,7.462,7.462,7.462,0.00%,Apr,2016,06,
"Apr 05, 2016",7.462,7.462,7.462,7.462,0.65%,Apr,2016,05,
"Apr 04, 2016",7.414,7.414,7.414,7.414,-0.66%,Apr,2016,04,
"Mar 31, 2016",7.463,7.463,7.463,7.463,-0.40%,Mar,2016,31,
"Mar 30, 2016",7.493,7.493,7.493,7.493,-0.28%,Mar,2016,30,
"Mar 29, 2016",7.514,7.514,7.514,7.514,0.19%,Mar,2016,29,
"Mar 28, 2016",7.5,7.5,7.5,7.5,-0.15%,Mar,2016,28,
"Mar 23, 2016",7.511,7.511,7.511,7.511,0.07%,Mar,2016,23,
"Mar 22, 2016",7.506,7.506,7.506,7.506,0.00%,Mar,2016,22,
"Mar 21, 2016",7.506,7.506,7.506,7.506,-0.19%,Mar,2016,21,
"Mar 18, 2016",7.52,7.52,7.52,7.52,0.01%,Mar,2016,18,
"Mar 17, 2016",7.519,7.519,7.519,7.519,-0.69%,Mar,2016,17,
"Mar 16, 2016",7.571,7.571,7.571,7.571,-0.12%,Mar,2016,16,
"Mar 15, 2016",7.58,7.58,7.58,7.58,-0.28%,Mar,2016,15,
"Mar 14, 2016",7.601,7.601,7.601,7.601,-0.37%,Mar,2016,14,
"Mar 11, 2016",7.629,7.629,7.629,7.629,-0.09%,Mar,2016,11,
"Mar 10, 2016",7.636,7.636,7.636,7.636,-0.21%,Mar,2016,10,
"Mar 09, 2016",7.652,7.652,7.652,7.652,0.16%,Mar,2016,09,
"Mar 08, 2016",7.64,7.64,7.64,7.64,0.04%,Mar,2016,08,
"Mar 04, 2016",7.637,7.637,7.637,7.637,-0.30%,Mar,2016,04,
"Mar 03, 2016",7.66,7.66,7.66,7.66,0.49%,Mar,2016,03,
"Mar 02, 2016",7.623,7.623,7.623,7.623,0.24%,Mar,2016,02,
"Mar 01, 2016",7.605,7.605,7.605,7.605,-0.28%,Mar,2016,01,
"Feb 29, 2016",7.626,7.626,7.626,7.626,-2.03%,Feb,2016,29,
"Feb 26, 2016",7.784,7.784,7.784,7.784,-1.03%,Feb,2016,26,
"Feb 25, 2016",7.865,7.865,7.865,7.865,0.49%,Feb,2016,25,
"Feb 24, 2016",7.827,7.827,7.827,7.827,0.06%,Feb,2016,24,
"Feb 23, 2016",7.822,7.822,7.822,7.822,0.63%,Feb,2016,23,
"Feb 22, 2016",7.773,7.773,7.773,7.773,0.44%,Feb,2016,22,
"Feb 18, 2016",7.739,7.739,7.739,7.739,-0.64%,Feb,2016,18,
"Feb 17, 2016",7.789,7.789,7.789,7.789,0.09%,Feb,2016,17,
"Feb 16, 2016",7.782,7.782,7.782,7.782,0.36%,Feb,2016,16,
"Feb 15, 2016",7.754,7.754,7.754,7.754,0.40%,Feb,2016,15,
"Feb 14, 2016",7.723,7.723,7.723,7.723,0.00%,Feb,2016,14,
"Feb 12, 2016",7.723,7.723,7.723,7.723,0.04%,Feb,2016,12,
"Feb 11, 2016",7.72,7.72,7.72,7.72,-0.04%,Feb,2016,11,
"Feb 10, 2016",7.723,7.723,7.723,7.723,-0.23%,Feb,2016,10,
"Feb 09, 2016",7.741,7.741,7.741,7.741,0.16%,Feb,2016,09,
"Feb 08, 2016",7.729,7.729,7.729,7.729,-1.19%,Feb,2016,08,
"Feb 05, 2016",7.822,7.822,7.822,7.822,-0.19%,Feb,2016,05,
"Feb 04, 2016",7.837,7.837,7.837,7.837,-0.19%,Feb,2016,04,
"Feb 03, 2016",7.852,7.852,7.852,7.852,0.04%,Feb,2016,03,
"Feb 02, 2016",7.849,7.849,7.849,7.849,0.73%,Feb,2016,02,
"Feb 01, 2016",7.792,7.792,7.792,7.792,0.12%,Feb,2016,01,
"Jan 29, 2016",7.783,7.783,7.783,7.783,-0.26%,Jan,2016,29,
"Jan 28, 2016",7.803,7.803,7.803,7.803,0.19%,Jan,2016,28,
"Jan 27, 2016",7.788,7.788,7.788,7.788,-0.23%,Jan,2016,27,
"Jan 25, 2016",7.806,7.806,7.806,7.806,0.35%,Jan,2016,25,
"Jan 22, 2016",7.779,7.779,7.779,7.779,0.40%,Jan,2016,22,
"Jan 21, 2016",7.748,7.748,7.748,7.748,-0.14%,Jan,2016,21,
"Jan 20, 2016",7.759,7.759,7.759,7.759,-0.27%,Jan,2016,20,
"Jan 19, 2016",7.78,7.78,7.78,7.78,-0.41%,Jan,2016,19,
"Jan 18, 2016",7.812,7.812,7.812,7.812,0.04%,Jan,2016,18,
"Jan 15, 2016",7.809,7.809,7.809,7.809,0.26%,Jan,2016,15,
"Jan 14, 2016",7.789,7.789,7.789,7.789,0.30%,Jan,2016,14,
"Jan 13, 2016",7.766,7.766,7.766,7.766,0.09%,Jan,2016,13,
"Jan 12, 2016",7.759,7.759,7.759,7.759,0.06%,Jan,2016,12,
"Jan 11, 2016",7.754,7.754,7.754,7.754,0.17%,Jan,2016,11,
"Jan 10, 2016",7.741,7.741,7.741,7.741,0.00%,Jan,2016,10,
"Jan 08, 2016",7.741,7.741,7.741,7.741,0.06%,Jan,2016,08,
"Jan 07, 2016",7.736,7.736,7.736,7.736,-0.03%,Jan,2016,07,
"Jan 06, 2016",7.738,7.738,7.738,7.738,-0.01%,Jan,2016,06,
"Jan 05, 2016",7.739,7.739,7.739,7.739,0.21%,Jan,2016,05,
"Jan 04, 2016",7.723,7.723,7.723,7.723,-0.12%,Jan,2016,04,
"Jan 01, 2016",7.732,7.732,7.732,7.732,-0.34%,Jan,2016,01,
"Dec 31, 2015",7.758,7.758,7.758,7.758,0.10%,Dec,2015,31,
"Dec 30, 2015",7.75,7.75,7.75,7.75,-0.10%,Dec,2015,30,
"Dec 29, 2015",7.758,7.758,7.758,7.758,-0.04%,Dec,2015,29,
"Dec 28, 2015",7.761,7.761,7.761,7.761,0.15%,Dec,2015,28,
"Dec 23, 2015",7.749,7.749,7.749,7.749,-0.14%,Dec,2015,23,
"Dec 22, 2015",7.76,7.76,7.76,7.76,-0.15%,Dec,2015,22,
"Dec 21, 2015",7.772,7.772,7.772,7.772,0.57%,Dec,2015,21,
"Dec 18, 2015",7.728,7.728,7.728,7.728,0.23%,Dec,2015,18,
"Dec 17, 2015",7.71,7.71,7.71,7.71,-0.37%,Dec,2015,17,
"Dec 16, 2015",7.739,7.739,7.739,7.739,-0.62%,Dec,2015,16,
"Dec 15, 2015",7.787,7.787,7.787,7.787,-0.37%,Dec,2015,15,
"Dec 14, 2015",7.816,7.816,7.816,7.816,0.55%,Dec,2015,14,
"Dec 11, 2015",7.773,7.773,7.773,7.773,-0.09%,Dec,2015,11,
"Dec 10, 2015",7.78,7.78,7.78,7.78,0.03%,Dec,2015,10,
"Dec 09, 2015",7.778,7.778,7.778,7.778,-0.22%,Dec,2015,09,
"Dec 08, 2015",7.795,7.795,7.795,7.795,0.52%,Dec,2015,08,
"Dec 07, 2015",7.755,7.755,7.755,7.755,-0.05%,Dec,2015,07,
"Dec 04, 2015",7.759,7.759,7.759,7.759,0.58%,Dec,2015,04,
"Dec 03, 2015",7.714,7.714,7.714,7.714,-0.32%,Dec,2015,03,
"Dec 02, 2015",7.739,7.739,7.739,7.739,0.25%,Dec,2015,02,
"Dec 01, 2015",7.72,7.72,7.72,7.72,-0.85%,Dec,2015,01,
"Nov 30, 2015",7.786,7.786,7.786,7.786,0.26%,Nov,2015,30,
"Nov 27, 2015",7.766,7.766,7.766,7.766,0.60%,Nov,2015,27,
"Nov 26, 2015",7.72,7.72,7.72,7.72,0.23%,Nov,2015,26,
"Nov 24, 2015",7.702,7.702,7.702,7.702,-0.23%,Nov,2015,24,
"Nov 23, 2015",7.72,7.72,7.72,7.72,0.30%,Nov,2015,23,
"Nov 22, 2015",7.697,7.697,7.697,7.697,0.00%,Nov,2015,22,
"Nov 20, 2015",7.697,7.697,7.697,7.697,0.31%,Nov,2015,20,
"Nov 19, 2015",7.673,7.673,7.673,7.673,-0.12%,Nov,2015,19,
"Nov 18, 2015",7.682,7.682,7.682,7.682,0.16%,Nov,2015,18,
"Nov 17, 2015",7.67,7.67,7.67,7.67,0.21%,Nov,2015,17,
"Nov 16, 2015",7.654,7.654,7.654,7.654,0.04%,Nov,2015,16,
"Nov 13, 2015",7.651,7.651,7.651,7.651,-0.42%,Nov,2015,13,
"Nov 10, 2015",7.683,7.683,7.683,7.683,-0.57%,Nov,2015,10,
"Nov 09, 2015",7.727,7.727,7.727,7.727,0.53%,Nov,2015,09,
"Nov 06, 2015",7.686,7.686,7.686,7.686,0.08%,Nov,2015,06,
"Nov 05, 2015",7.68,7.68,7.68,7.68,0.35%,Nov,2015,05,
"Nov 04, 2015",7.653,7.653,7.653,7.653,0.08%,Nov,2015,04,
"Nov 03, 2015",7.647,7.647,7.647,7.647,0.24%,Nov,2015,03,
"Nov 02, 2015",7.629,7.629,7.629,7.629,-0.16%,Nov,2015,02,
"Oct 30, 2015",7.641,7.641,7.641,7.641,0.16%,Oct,2015,30,
"Oct 29, 2015",7.629,7.629,7.629,7.629,0.46%,Oct,2015,29,
"Oct 28, 2015",7.594,7.594,7.594,7.594,-0.13%,Oct,2015,28,
"Oct 27, 2015",7.604,7.604,7.604,7.604,-0.09%,Oct,2015,27,
"Oct 26, 2015",7.611,7.611,7.611,7.611,0.33%,Oct,2015,26,
"Oct 23, 2015",7.586,7.586,7.586,7.586,0.00%,Oct,2015,23,
"Oct 21, 2015",7.586,7.586,7.586,7.586,0.09%,Oct,2015,21,
"Oct 20, 2015",7.579,7.579,7.579,7.579,0.08%,Oct,2015,20,
"Oct 19, 2015",7.573,7.573,7.573,7.573,0.11%,Oct,2015,19,
"Oct 18, 2015",7.565,7.565,7.565,7.565,0.00%,Oct,2015,18,
"Oct 16, 2015",7.565,7.565,7.565,7.565,0.21%,Oct,2015,16,
"Oct 15, 2015",7.549,7.549,7.549,7.549,-0.07%,Oct,2015,15,
"Oct 14, 2015",7.554,7.554,7.554,7.554,-0.09%,Oct,2015,14,
"Oct 13, 2015",7.561,7.561,7.561,7.561,-0.25%,Oct,2015,13,
"Oct 12, 2015",7.58,7.58,7.58,7.58,0.46%,Oct,2015,12,
"Oct 09, 2015",7.545,7.545,7.545,7.545,0.12%,Oct,2015,09,
"Oct 08, 2015",7.536,7.536,7.536,7.536,-0.08%,Oct,2015,08,
"Oct 07, 2015",7.542,7.542,7.542,7.542,0.17%,Oct,2015,07,
"Oct 06, 2015",7.529,7.529,7.529,7.529,0.20%,Oct,2015,06,
"Oct 05, 2015",7.514,7.514,7.514,7.514,-0.65%,Oct,2015,05,
"Oct 03, 2015",7.563,7.563,7.563,7.563,0.00%,Oct,2015,03,
"Oct 01, 2015",7.563,7.563,7.563,7.563,0.29%,Oct,2015,01,
"Sep 30, 2015",7.541,7.541,7.541,7.541,-0.92%,Sep,2015,30,
"Sep 29, 2015",7.611,7.611,7.611,7.611,-1.50%,Sep,2015,29,
"Sep 28, 2015",7.727,7.727,7.727,7.727,0.14%,Sep,2015,28,
"Sep 27, 2015",7.716,7.716,7.716,7.716,0.00%,Sep,2015,27,
"Sep 24, 2015",7.716,7.716,7.716,7.716,0.00%,Sep,2015,24,
"Sep 23, 2015",7.716,7.716,7.716,7.716,0.00%,Sep,2015,23,
"Sep 22, 2015",7.716,7.716,7.716,7.716,0.16%,Sep,2015,22,
"Sep 21, 2015",7.704,7.704,7.704,7.704,0.08%,Sep,2015,21,
"Sep 18, 2015",7.698,7.698,7.698,7.698,-0.75%,Sep,2015,18,
"Sep 16, 2015",7.756,7.756,7.756,7.756,-0.04%,Sep,2015,16,
"Sep 15, 2015",7.759,7.759,7.759,7.759,0.05%,Sep,2015,15,
"Sep 14, 2015",7.755,7.755,7.755,7.755,-0.22%,Sep,2015,14,
"Sep 11, 2015",7.772,7.772,7.772,7.772,0.00%,Sep,2015,11,
"Sep 10, 2015",7.772,7.772,7.772,7.772,0.08%,Sep,2015,10,
"Sep 09, 2015",7.766,7.766,7.766,7.766,-0.08%,Sep,2015,09,
"Sep 08, 2015",7.772,7.772,7.772,7.772,-0.37%,Sep,2015,08,
"Sep 07, 2015",7.801,7.801,7.801,7.801,0.61%,Sep,2015,07,
"Sep 04, 2015",7.754,7.754,7.754,7.754,0.09%,Sep,2015,04,
"Sep 03, 2015",7.747,7.747,7.747,7.747,-0.05%,Sep,2015,03,
"Sep 02, 2015",7.751,7.751,7.751,7.751,0.00%,Sep,2015,02,
"Sep 01, 2015",7.751,7.751,7.751,7.751,-0.46%,Sep,2015,01,
"Aug 31, 2015",7.787,7.787,7.787,7.787,0.13%,Aug,2015,31,
"Aug 28, 2015",7.777,7.777,7.777,7.777,0.10%,Aug,2015,28,
"Aug 27, 2015",7.769,7.769,7.769,7.769,-0.31%,Aug,2015,27,
"Aug 26, 2015",7.793,7.793,7.793,7.793,-0.27%,Aug,2015,26,
"Aug 25, 2015",7.814,7.814,7.814,7.814,-1.00%,Aug,2015,25,
"Aug 24, 2015",7.893,7.893,7.893,7.893,1.37%,Aug,2015,24,
"Aug 21, 2015",7.786,7.786,7.786,7.786,0.49%,Aug,2015,21,
"Aug 20, 2015",7.748,7.748,7.748,7.748,0.10%,Aug,2015,20,
"Aug 19, 2015",7.74,7.74,7.74,7.74,-0.06%,Aug,2015,19,
"Aug 17, 2015",7.745,7.745,7.745,7.745,0.00%,Aug,2015,17,
"Aug 14, 2015",7.745,7.745,7.745,7.745,0.01%,Aug,2015,14,
"Aug 13, 2015",7.744,7.744,7.744,7.744,-0.67%,Aug,2015,13,
"Aug 12, 2015",7.796,7.796,7.796,7.796,0.00%,Aug,2015,12,
"Aug 11, 2015",7.796,7.796,7.796,7.796,0.06%,Aug,2015,11,
"Aug 10, 2015",7.791,7.791,7.791,7.791,-0.23%,Aug,2015,10,
"Aug 07, 2015",7.809,7.809,7.809,7.809,0.04%,Aug,2015,07,
"Aug 06, 2015",7.806,7.806,7.806,7.806,-0.42%,Aug,2015,06,
"Aug 05, 2015",7.839,7.839,7.839,7.839,-0.01%,Aug,2015,05,
"Aug 04, 2015",7.84,7.84,7.84,7.84,0.35%,Aug,2015,04,
"Aug 03, 2015",7.813,7.813,7.813,7.813,0.06%,Aug,2015,03,
"Jul 31, 2015",7.808,7.808,7.808,7.808,-0.20%,Jul,2015,31,
"Jul 30, 2015",7.824,7.824,7.824,7.824,0.15%,Jul,2015,30,
"Jul 29, 2015",7.812,7.812,7.812,7.812,0.08%,Jul,2015,29,
"Jul 28, 2015",7.806,7.806,7.806,7.806,-0.32%,Jul,2015,28,
"Jul 27, 2015",7.831,7.831,7.831,7.831,0.08%,Jul,2015,27,
"Jul 24, 2015",7.825,7.825,7.825,7.825,0.26%,Jul,2015,24,
"Jul 23, 2015",7.805,7.805,7.805,7.805,-0.29%,Jul,2015,23,
"Jul 22, 2015",7.828,7.828,7.828,7.828,-0.11%,Jul,2015,22,
"Jul 21, 2015",7.837,7.837,7.837,7.837,-0.08%,Jul,2015,21,
"Jul 20, 2015",7.843,7.843,7.843,7.843,0.15%,Jul,2015,20,
"Jul 18, 2015",7.831,7.831,7.831,7.831,0.00%,Jul,2015,18,
"Jul 17, 2015",7.831,7.831,7.831,7.831,-0.15%,Jul,2015,17,
"Jul 16, 2015",7.843,7.843,7.843,7.843,0.04%,Jul,2015,16,
"Jul 15, 2015",7.84,7.84,7.84,7.84,0.17%,Jul,2015,15,
"Jul 14, 2015",7.827,7.827,7.827,7.827,-0.56%,Jul,2015,14,
"Jul 13, 2015",7.871,7.871,7.871,7.871,0.83%,Jul,2015,13,
"Jul 10, 2015",7.806,7.806,7.806,7.806,0.18%,Jul,2015,10,
"Jul 09, 2015",7.792,7.792,7.792,7.792,0.14%,Jul,2015,09,
"Jul 08, 2015",7.781,7.781,7.781,7.781,-0.04%,Jul,2015,08,
"Jul 07, 2015",7.784,7.784,7.784,7.784,0.40%,Jul,2015,07,
"Jul 06, 2015",7.753,7.753,7.753,7.753,-0.63%,Jul,2015,06,
"Jul 03, 2015",7.802,7.802,7.802,7.802,-0.13%,Jul,2015,03,
"Jul 02, 2015",7.812,7.812,7.812,7.812,-0.08%,Jul,2015,02,
"Jul 01, 2015",7.818,7.818,7.818,7.818,-0.53%,Jul,2015,01,
"Jun 30, 2015",7.86,7.86,7.86,7.86,-0.39%,Jun,2015,30,
"Jun 29, 2015",7.891,7.891,7.891,7.891,0.46%,Jun,2015,29,
"Jun 26, 2015",7.855,7.855,7.855,7.855,0.40%,Jun,2015,26,
"Jun 25, 2015",7.824,7.824,7.824,7.824,0.29%,Jun,2015,25,
"Jun 24, 2015",7.801,7.801,7.801,7.801,0.71%,Jun,2015,24,
"Jun 23, 2015",7.746,7.746,7.746,7.746,0.14%,Jun,2015,23,
"Jun 22, 2015",7.735,7.735,7.735,7.735,0.32%,Jun,2015,22,
"Jun 19, 2015",7.71,7.71,7.71,7.71,-0.66%,Jun,2015,19,
"Jun 18, 2015",7.761,7.761,7.761,7.761,-1.15%,Jun,2015,18,
"Jun 17, 2015",7.851,7.851,7.851,7.851,-0.43%,Jun,2015,17,
"Jun 16, 2015",7.885,7.885,7.885,7.885,0.23%,Jun,2015,16,
"Jun 15, 2015",7.867,7.867,7.867,7.867,-0.30%,Jun,2015,15,
"Jun 12, 2015",7.891,7.891,7.891,7.891,0.17%,Jun,2015,12,
"Jun 11, 2015",7.878,7.878,7.878,7.878,0.66%,Jun,2015,11,
"Jun 10, 2015",7.826,7.826,7.826,7.826,0.48%,Jun,2015,10,
"Jun 09, 2015",7.789,7.789,7.789,7.789,-0.15%,Jun,2015,09,
"Jun 08, 2015",7.801,7.801,7.801,7.801,-2.28%,Jun,2015,08,
"Jun 07, 2015",7.983,7.983,7.983,7.983,0.00%,Jun,2015,07,
"Jun 05, 2015",7.983,7.983,7.983,7.983,-0.35%,Jun,2015,05,
"Jun 04, 2015",8.011,8.011,8.011,8.011,0.69%,Jun,2015,04,
"Jun 03, 2015",7.956,7.956,7.956,7.956,0.29%,Jun,2015,03,
"Jun 02, 2015",7.933,7.933,7.933,7.933,1.42%,Jun,2015,02,
"Jun 01, 2015",7.822,7.822,7.822,7.822,0.08%,Jun,2015,01,
"May 30, 2015",7.816,7.816,7.816,7.816,0.00%,May,2015,30,
"May 29, 2015",7.816,7.816,7.816,7.816,-0.51%,May,2015,29,
"May 28, 2015",7.856,7.856,7.856,7.856,-0.15%,May,2015,28,
"May 27, 2015",7.868,7.868,7.868,7.868,-0.30%,May,2015,27,
"May 26, 2015",7.892,7.892,7.892,7.892,0.34%,May,2015,26,
"May 25, 2015",7.865,7.865,7.865,7.865,0.08%,May,2015,25,
"May 22, 2015",7.859,7.859,7.859,7.859,-0.22%,May,2015,22,
"May 21, 2015",7.876,7.876,7.876,7.876,0.23%,May,2015,21,
"May 20, 2015",7.858,7.858,7.858,7.858,-0.06%,May,2015,20,
"May 19, 2015",7.863,7.863,7.863,7.863,-0.48%,May,2015,19,
"May 18, 2015",7.901,7.901,7.901,7.901,-0.55%,May,2015,18,
"May 15, 2015",7.945,7.945,7.945,7.945,0.09%,May,2015,15,
"May 14, 2015",7.938,7.938,7.938,7.938,-0.24%,May,2015,14,
"May 13, 2015",7.957,7.957,7.957,7.957,0.09%,May,2015,13,
"May 12, 2015",7.95,7.95,7.95,7.95,0.77%,May,2015,12,
"May 11, 2015",7.889,7.889,7.889,7.889,-1.15%,May,2015,11,
"May 08, 2015",7.981,7.981,7.981,7.981,-0.18%,May,2015,08,
"May 07, 2015",7.995,7.995,7.995,7.995,1.32%,May,2015,07,
"May 06, 2015",7.891,7.891,7.891,7.891,0.50%,May,2015,06,
"May 05, 2015",7.852,7.852,7.852,7.852,-0.10%,May,2015,05,
"Apr 30, 2015",7.86,7.86,7.86,7.86,0.61%,Apr,2015,30,
"Apr 29, 2015",7.812,7.812,7.812,7.812,0.59%,Apr,2015,29,
"Apr 28, 2015",7.766,7.766,7.766,7.766,-0.17%,Apr,2015,28,
"Apr 27, 2015",7.779,7.779,7.779,7.779,-0.12%,Apr,2015,27,
"Apr 24, 2015",7.788,7.788,7.788,7.788,0.37%,Apr,2015,24,
"Apr 23, 2015",7.759,7.759,7.759,7.759,0.08%,Apr,2015,23,
"Apr 22, 2015",7.753,7.753,7.753,7.753,-0.33%,Apr,2015,22,
"Apr 21, 2015",7.779,7.779,7.779,7.779,-0.21%,Apr,2015,21,
"Apr 20, 2015",7.795,7.795,7.795,7.795,0.04%,Apr,2015,20,
"Apr 17, 2015",7.792,7.792,7.792,7.792,-0.10%,Apr,2015,17,
"Apr 16, 2015",7.8,7.8,7.8,7.8,0.21%,Apr,2015,16,
"Apr 15, 2015",7.784,7.784,7.784,7.784,-0.19%,Apr,2015,15,
"Apr 13, 2015",7.799,7.799,7.799,7.799,-0.03%,Apr,2015,13,
"Apr 10, 2015",7.801,7.801,7.801,7.801,0.32%,Apr,2015,10,
"Apr 09, 2015",7.776,7.776,7.776,7.776,-0.15%,Apr,2015,09,
"Apr 08, 2015",7.788,7.788,7.788,7.788,-0.01%,Apr,2015,08,
"Apr 07, 2015",7.789,7.789,7.789,7.789,0.85%,Apr,2015,07,
"Apr 06, 2015",7.723,7.723,7.723,7.723,-0.17%,Apr,2015,06,
"Mar 31, 2015",7.736,7.736,7.736,7.736,-0.33%,Mar,2015,31,
"Mar 30, 2015",7.762,7.762,7.762,7.762,-0.19%,Mar,2015,30,
"Mar 27, 2015",7.777,7.777,7.777,7.777,-0.27%,Mar,2015,27,
"Mar 26, 2015",7.798,7.798,7.798,7.798,0.36%,Mar,2015,26,
"Mar 25, 2015",7.77,7.77,7.77,7.77,0.26%,Mar,2015,25,
"Mar 24, 2015",7.75,7.75,7.75,7.75,-0.04%,Mar,2015,24,
"Mar 23, 2015",7.753,7.753,7.753,7.753,0.08%,Mar,2015,23,
"Mar 20, 2015",7.747,7.747,7.747,7.747,-0.12%,Mar,2015,20,
"Mar 19, 2015",7.756,7.756,7.756,7.756,-0.49%,Mar,2015,19,
"Mar 18, 2015",7.794,7.794,7.794,7.794,0.12%,Mar,2015,18,
"Mar 17, 2015",7.785,7.785,7.785,7.785,-0.27%,Mar,2015,17,
"Mar 16, 2015",7.806,7.806,7.806,7.806,0.09%,Mar,2015,16,
"Mar 13, 2015",7.799,7.799,7.799,7.799,1.00%,Mar,2015,13,
"Mar 12, 2015",7.722,7.722,7.722,7.722,-0.50%,Mar,2015,12,
"Mar 11, 2015",7.761,7.761,7.761,7.761,0.14%,Mar,2015,11,
"Mar 10, 2015",7.75,7.75,7.75,7.75,0.14%,Mar,2015,10,
"Mar 09, 2015",7.739,7.739,7.739,7.739,0.40%,Mar,2015,09,
"Mar 05, 2015",7.708,7.708,7.708,7.708,0.30%,Mar,2015,05,
"Mar 04, 2015",7.685,7.685,7.685,7.685,-0.92%,Mar,2015,04,
"Mar 03, 2015",7.756,7.756,7.756,7.756,0.13%,Mar,2015,03,
"Mar 02, 2015",7.746,7.746,7.746,7.746,0.23%,Mar,2015,02,
"Feb 27, 2015",7.728,7.728,7.728,7.728,-0.16%,Feb,2015,27,
"Feb 26, 2015",7.74,7.74,7.74,7.74,0.44%,Feb,2015,26,
"Feb 25, 2015",7.706,7.706,7.706,7.706,-0.16%,Feb,2015,25,
"Feb 24, 2015",7.718,7.718,7.718,7.718,0.17%,Feb,2015,24,
"Feb 23, 2015",7.705,7.705,7.705,7.705,0.13%,Feb,2015,23,
"Feb 20, 2015",7.695,7.695,7.695,7.695,-0.19%,Feb,2015,20,
"Feb 19, 2015",7.71,7.71,7.71,7.71,0.00%,Feb,2015,19,
"Feb 18, 2015",7.71,7.71,7.71,7.71,0.01%,Feb,2015,18,
"Feb 16, 2015",7.709,7.709,7.709,7.709,0.16%,Feb,2015,16,
"Feb 13, 2015",7.697,7.697,7.697,7.697,-0.59%,Feb,2015,13,
"Feb 12, 2015",7.743,7.743,7.743,7.743,0.13%,Feb,2015,12,
"Feb 11, 2015",7.733,7.733,7.733,7.733,0.05%,Feb,2015,11,
"Feb 10, 2015",7.729,7.729,7.729,7.729,0.04%,Feb,2015,10,
"Feb 09, 2015",7.726,7.726,7.726,7.726,0.31%,Feb,2015,09,
"Feb 06, 2015",7.702,7.702,7.702,7.702,0.00%,Feb,2015,06,
"Feb 05, 2015",7.702,7.702,7.702,7.702,-0.23%,Feb,2015,05,
"Feb 04, 2015",7.72,7.72,7.72,7.72,-0.08%,Feb,2015,04,
"Feb 03, 2015",7.726,7.726,7.726,7.726,0.97%,Feb,2015,03,
"Feb 02, 2015",7.652,7.652,7.652,7.652,-0.53%,Feb,2015,02,
"Feb 01, 2015",7.693,7.693,7.693,7.693,0.00%,Feb,2015,01,
"Jan 30, 2015",7.693,7.693,7.693,7.693,-0.25%,Jan,2015,30,
"Jan 29, 2015",7.712,7.712,7.712,7.712,0.06%,Jan,2015,29,
"Jan 28, 2015",7.707,7.707,7.707,7.707,0.03%,Jan,2015,28,
"Jan 27, 2015",7.705,7.705,7.705,7.705,0.00%,Jan,2015,27,
"Jan 23, 2015",7.705,7.705,7.705,7.705,-0.10%,Jan,2015,23,
"Jan 22, 2015",7.713,7.713,7.713,7.713,0.29%,Jan,2015,22,
"Jan 21, 2015",7.691,7.691,7.691,7.691,-0.44%,Jan,2015,21,
"Jan 20, 2015",7.725,7.725,7.725,7.725,-0.01%,Jan,2015,20,
"Jan 19, 2015",7.726,7.726,7.726,7.726,0.26%,Jan,2015,19,
"Jan 16, 2015",7.706,7.706,7.706,7.706,0.13%,Jan,2015,16,
"Jan 15, 2015",7.696,7.696,7.696,7.696,-1.02%,Jan,2015,15,
"Jan 14, 2015",7.775,7.775,7.775,7.775,0.05%,Jan,2015,14,
"Jan 13, 2015",7.771,7.771,7.771,7.771,-0.50%,Jan,2015,13,
"Jan 12, 2015",7.81,7.81,7.81,7.81,-0.46%,Jan,2015,12,
"Jan 09, 2015",7.846,7.846,7.846,7.846,-0.24%,Jan,2015,09,
"Jan 08, 2015",7.865,7.865,7.865,7.865,0.08%,Jan,2015,08,
"Jan 07, 2015",7.859,7.859,7.859,7.859,-0.54%,Jan,2015,07,
"Jan 06, 2015",7.902,7.902,7.902,7.902,0.13%,Jan,2015,06,
"Jan 05, 2015",7.892,7.892,7.892,7.892,0.23%,Jan,2015,05,
"Jan 02, 2015",7.874,7.874,7.874,7.874,-0.11%,Jan,2015,02,
"Jan 01, 2015",7.883,7.883,7.883,7.883,0.33%,Jan,2015,01,
"Dec 31, 2014",7.857,7.857,7.857,7.857,-0.20%,Dec,2014,31,
"Dec 30, 2014",7.873,7.873,7.873,7.873,-0.71%,Dec,2014,30,
"Dec 29, 2014",7.929,7.929,7.929,7.929,-0.65%,Dec,2014,29,
"Dec 28, 2014",7.981,7.981,7.981,7.981,0.00%,Dec,2014,28,
"Dec 26, 2014",7.981,7.981,7.981,7.981,0.24%,Dec,2014,26,
"Dec 24, 2014",7.962,7.962,7.962,7.962,0.50%,Dec,2014,24,
"Dec 23, 2014",7.922,7.922,7.922,7.922,-0.44%,Dec,2014,23,
"Dec 22, 2014",7.957,7.957,7.957,7.957,-0.06%,Dec,2014,22,
"Dec 19, 2014",7.962,7.962,7.962,7.962,0.39%,Dec,2014,19,
"Dec 18, 2014",7.931,7.931,7.931,7.931,-0.51%,Dec,2014,18,
"Dec 17, 2014",7.972,7.972,7.972,7.972,-0.21%,Dec,2014,17,
"Dec 16, 2014",7.989,7.989,7.989,7.989,1.97%,Dec,2014,16,
"Dec 15, 2014",7.835,7.835,7.835,7.835,0.05%,Dec,2014,15,
"Dec 14, 2014",7.831,7.831,7.831,7.831,0.00%,Dec,2014,14,
"Dec 12, 2014",7.831,7.831,7.831,7.831,-0.44%,Dec,2014,12,
"Dec 11, 2014",7.866,7.866,7.866,7.866,-0.53%,Dec,2014,11,
"Dec 10, 2014",7.908,7.908,7.908,7.908,0.08%,Dec,2014,10,
"Dec 09, 2014",7.902,7.902,7.902,7.902,-0.23%,Dec,2014,09,
"Dec 08, 2014",7.92,7.92,7.92,7.92,-0.24%,Dec,2014,08,
"Dec 05, 2014",7.939,7.939,7.939,7.939,-0.38%,Dec,2014,05,
"Dec 04, 2014",7.969,7.969,7.969,7.969,-0.05%,Dec,2014,04,
"Dec 03, 2014",7.973,7.973,7.973,7.973,0.05%,Dec,2014,03,
"Dec 02, 2014",7.969,7.969,7.969,7.969,-1.14%,Dec,2014,02,
"Dec 01, 2014",8.061,8.061,8.061,8.061,-0.32%,Dec,2014,01,
"Nov 30, 2014",8.087,8.087,8.087,8.087,0.00%,Nov,2014,30,
"Nov 28, 2014",8.087,8.087,8.087,8.087,-0.72%,Nov,2014,28,
"Nov 27, 2014",8.146,8.146,8.146,8.146,0.02%,Nov,2014,27,
"Nov 26, 2014",8.144,8.144,8.144,8.144,-0.18%,Nov,2014,26,
"Nov 25, 2014",8.159,8.159,8.159,8.159,-0.06%,Nov,2014,25,
"Nov 24, 2014",8.164,8.164,8.164,8.164,-0.09%,Nov,2014,24,
"Nov 21, 2014",8.171,8.171,8.171,8.171,0.18%,Nov,2014,21,
"Nov 20, 2014",8.156,8.156,8.156,8.156,-0.10%,Nov,2014,20,
"Nov 19, 2014",8.164,8.164,8.164,8.164,0.11%,Nov,2014,19,
"Nov 18, 2014",8.155,8.155,8.155,8.155,-0.35%,Nov,2014,18,
"Nov 17, 2014",8.184,8.184,8.184,8.184,-0.45%,Nov,2014,17,
"Nov 16, 2014",8.221,8.221,8.221,8.221,0.00%,Nov,2014,16,
"Nov 14, 2014",8.221,8.221,8.221,8.221,-0.06%,Nov,2014,14,
"Nov 13, 2014",8.226,8.226,8.226,8.226,0.85%,Nov,2014,13,
"Nov 12, 2014",8.157,8.157,8.157,8.157,-0.38%,Nov,2014,12,
"Nov 11, 2014",8.188,8.188,8.188,8.188,0.12%,Nov,2014,11,
"Nov 10, 2014",8.178,8.178,8.178,8.178,-0.40%,Nov,2014,10,
"Nov 07, 2014",8.211,8.211,8.211,8.211,0.22%,Nov,2014,07,
"Nov 05, 2014",8.193,8.193,8.193,8.193,-0.84%,Nov,2014,05,
"Nov 03, 2014",8.262,8.262,8.262,8.262,-0.18%,Nov,2014,03,
"Oct 31, 2014",8.277,8.277,8.277,8.277,-0.13%,Oct,2014,31,
"Oct 30, 2014",8.288,8.288,8.288,8.288,-0.37%,Oct,2014,30,
"Oct 29, 2014",8.319,8.319,8.319,8.319,-0.06%,Oct,2014,29,
"Oct 28, 2014",8.324,8.324,8.324,8.324,0.06%,Oct,2014,28,
"Oct 27, 2014",8.319,8.319,8.319,8.319,-0.48%,Oct,2014,27,
"Oct 22, 2014",8.359,8.359,8.359,8.359,-0.16%,Oct,2014,22,
"Oct 21, 2014",8.372,8.372,8.372,8.372,0.14%,Oct,2014,21,
"Oct 20, 2014",8.36,8.36,8.36,8.36,-0.37%,Oct,2014,20,
"Oct 17, 2014",8.391,8.391,8.391,8.391,0.25%,Oct,2014,17,
"Oct 16, 2014",8.37,8.37,8.37,8.37,-0.33%,Oct,2014,16,
"Oct 15, 2014",8.398,8.398,8.398,8.398,0.00%,Oct,2014,15,
"Oct 14, 2014",8.398,8.398,8.398,8.398,-0.26%,Oct,2014,14,
"Oct 13, 2014",8.42,8.42,8.42,8.42,-0.41%,Oct,2014,13,
"Oct 10, 2014",8.455,8.455,8.455,8.455,-0.15%,Oct,2014,10,
"Oct 09, 2014",8.468,8.468,8.468,8.468,0.71%,Oct,2014,09,
"Oct 08, 2014",8.408,8.408,8.408,8.408,-0.53%,Oct,2014,08,
"Oct 07, 2014",8.453,8.453,8.453,8.453,-0.33%,Oct,2014,07,
"Oct 01, 2014",8.481,8.481,8.481,8.481,-0.41%,Oct,2014,01,
"Sep 30, 2014",8.516,8.516,8.516,8.516,0.29%,Sep,2014,30,
"Sep 29, 2014",8.491,8.491,8.491,8.491,0.57%,Sep,2014,29,
"Sep 27, 2014",8.443,8.443,8.443,8.443,0.00%,Sep,2014,27,
"Sep 26, 2014",8.443,8.443,8.443,8.443,-0.49%,Sep,2014,26,
"Sep 25, 2014",8.485,8.485,8.485,8.485,0.04%,Sep,2014,25,
"Sep 24, 2014",8.482,8.482,8.482,8.482,0.20%,Sep,2014,24,
"Sep 23, 2014",8.465,8.465,8.465,8.465,0.33%,Sep,2014,23,
"Sep 22, 2014",8.437,8.437,8.437,8.437,-0.25%,Sep,2014,22,
"Sep 19, 2014",8.458,8.458,8.458,8.458,0.06%,Sep,2014,19,
"Sep 18, 2014",8.453,8.453,8.453,8.453,-0.53%,Sep,2014,18,
"Sep 17, 2014",8.498,8.498,8.498,8.498,-0.01%,Sep,2014,17,
"Sep 16, 2014",8.499,8.499,8.499,8.499,-0.04%,Sep,2014,16,
"Sep 15, 2014",8.502,8.502,8.502,8.502,-0.04%,Sep,2014,15,
"Sep 13, 2014",8.505,8.505,8.505,8.505,0.00%,Sep,2014,13,
"Sep 12, 2014",8.505,8.505,8.505,8.505,-0.04%,Sep,2014,12,
"Sep 11, 2014",8.508,8.508,8.508,8.508,-0.41%,Sep,2014,11,
"Sep 10, 2014",8.543,8.543,8.543,8.543,0.25%,Sep,2014,10,
"Sep 09, 2014",8.522,8.522,8.522,8.522,0.24%,Sep,2014,09,
"Sep 08, 2014",8.502,8.502,8.502,8.502,-0.26%,Sep,2014,08,
"Sep 05, 2014",8.524,8.524,8.524,8.524,0.00%,Sep,2014,05,
"Sep 04, 2014",8.524,8.524,8.524,8.524,0.04%,Sep,2014,04,
"Sep 03, 2014",8.521,8.521,8.521,8.521,0.02%,Sep,2014,03,
"Sep 02, 2014",8.519,8.519,8.519,8.519,-0.36%,Sep,2014,02,
"Sep 01, 2014",8.55,8.55,8.55,8.55,-0.18%,Sep,2014,01,
"Aug 31, 2014",8.565,8.565,8.565,8.565,0.00%,Aug,2014,31,
"Aug 28, 2014",8.565,8.565,8.565,8.565,0.13%,Aug,2014,28,
"Aug 27, 2014",8.554,8.554,8.554,8.554,-0.07%,Aug,2014,27,
"Aug 26, 2014",8.56,8.56,8.56,8.56,0.01%,Aug,2014,26,
"Aug 25, 2014",8.559,8.559,8.559,8.559,0.50%,Aug,2014,25,
"Aug 22, 2014",8.516,8.516,8.516,8.516,0.05%,Aug,2014,22,
"Aug 21, 2014",8.512,8.512,8.512,8.512,0.34%,Aug,2014,21,
"Aug 20, 2014",8.483,8.483,8.483,8.483,-0.61%,Aug,2014,20,
"Aug 19, 2014",8.535,8.535,8.535,8.535,-2.08%,Aug,2014,19,
"Aug 14, 2014",8.716,8.716,8.716,8.716,-0.58%,Aug,2014,14,
"Aug 13, 2014",8.767,8.767,8.767,8.767,-0.88%,Aug,2014,13,
"Aug 12, 2014",8.845,8.845,8.845,8.845,0.32%,Aug,2014,12,
"Aug 11, 2014",8.817,8.817,8.817,8.817,-0.43%,Aug,2014,11,
"Aug 10, 2014",8.855,8.855,8.855,8.855,0.00%,Aug,2014,10,
"Aug 08, 2014",8.855,8.855,8.855,8.855,-0.02%,Aug,2014,08,
"Aug 07, 2014",8.857,8.857,8.857,8.857,-0.12%,Aug,2014,07,
"Aug 06, 2014",8.868,8.868,8.868,8.868,0.38%,Aug,2014,06,
"Aug 05, 2014",8.834,8.834,8.834,8.834,1.03%,Aug,2014,05,
"Aug 04, 2014",8.744,8.744,8.744,8.744,-0.13%,Aug,2014,04,
"Aug 02, 2014",8.755,8.755,8.755,8.755,0.00%,Aug,2014,02,
"Aug 01, 2014",8.755,8.755,8.755,8.755,0.38%,Aug,2014,01,
"Jul 31, 2014",8.722,8.722,8.722,8.722,-0.05%,Jul,2014,31,
"Jul 30, 2014",8.726,8.726,8.726,8.726,0.22%,Jul,2014,30,
"Jul 28, 2014",8.707,8.707,8.707,8.707,0.42%,Jul,2014,28,
"Jul 27, 2014",8.671,8.671,8.671,8.671,0.00%,Jul,2014,27,
"Jul 25, 2014",8.671,8.671,8.671,8.671,0.27%,Jul,2014,25,
"Jul 24, 2014",8.648,8.648,8.648,8.648,-0.18%,Jul,2014,24,
"Jul 23, 2014",8.664,8.664,8.664,8.664,-0.30%,Jul,2014,23,
"Jul 22, 2014",8.69,8.69,8.69,8.69,-0.06%,Jul,2014,22,
"Jul 21, 2014",8.695,8.695,8.695,8.695,-0.87%,Jul,2014,21,
"Jul 20, 2014",8.771,8.771,8.771,8.771,0.00%,Jul,2014,20,
"Jul 18, 2014",8.771,8.771,8.771,8.771,0.40%,Jul,2014,18,
"Jul 17, 2014",8.736,8.736,8.736,8.736,0.13%,Jul,2014,17,
"Jul 16, 2014",8.725,8.725,8.725,8.725,-0.14%,Jul,2014,16,
"Jul 15, 2014",8.737,8.737,8.737,8.737,-0.54%,Jul,2014,15,
"Jul 14, 2014",8.784,8.784,8.784,8.784,0.15%,Jul,2014,14,
"Jul 12, 2014",8.771,8.771,8.771,8.771,0.00%,Jul,2014,12,
"Jul 11, 2014",8.771,8.771,8.771,8.771,0.03%,Jul,2014,11,
"Jul 10, 2014",8.768,8.768,8.768,8.768,0.45%,Jul,2014,10,
"Jul 09, 2014",8.729,8.729,8.729,8.729,0.02%,Jul,2014,09,
"Jul 08, 2014",8.727,8.727,8.727,8.727,0.36%,Jul,2014,08,
"Jul 07, 2014",8.696,8.696,8.696,8.696,0.38%,Jul,2014,07,
"Jul 04, 2014",8.663,8.663,8.663,8.663,0.03%,Jul,2014,04,
"Jul 03, 2014",8.66,8.66,8.66,8.66,0.00%,Jul,2014,03,
"Jul 02, 2014",8.66,8.66,8.66,8.66,-0.88%,Jul,2014,02,
"Jul 01, 2014",8.737,8.737,8.737,8.737,-0.11%,Jul,2014,01,
"Jun 30, 2014",8.747,8.747,8.747,8.747,-0.02%,Jun,2014,30,
"Jun 27, 2014",8.749,8.749,8.749,8.749,0.16%,Jun,2014,27,
"Jun 26, 2014",8.735,8.735,8.735,8.735,0.33%,Jun,2014,26,
"Jun 25, 2014",8.706,8.706,8.706,8.706,-0.13%,Jun,2014,25,
"Jun 24, 2014",8.717,8.717,8.717,8.717,-0.67%,Jun,2014,24,
"Jun 23, 2014",8.776,8.776,8.776,8.776,0.60%,Jun,2014,23,
"Jun 20, 2014",8.724,8.724,8.724,8.724,0.38%,Jun,2014,20,
"Jun 19, 2014",8.691,8.691,8.691,8.691,0.23%,Jun,2014,19,
"Jun 18, 2014",8.671,8.671,8.671,8.671,0.81%,Jun,2014,18,
"Jun 17, 2014",8.601,8.601,8.601,8.601,-0.59%,Jun,2014,17,
"Jun 16, 2014",8.652,8.652,8.652,8.652,0.63%,Jun,2014,16,
"Jun 13, 2014",8.598,8.598,8.598,8.598,0.60%,Jun,2014,13,
"Jun 12, 2014",8.547,8.547,8.547,8.547,0.07%,Jun,2014,12,
"Jun 11, 2014",8.541,8.541,8.541,8.541,-0.29%,Jun,2014,11,
"Jun 10, 2014",8.566,8.566,8.566,8.566,0.20%,Jun,2014,10,
"Jun 09, 2014",8.549,8.549,8.549,8.549,0.41%,Jun,2014,09,
"Jun 06, 2014",8.514,8.514,8.514,8.514,-0.16%,Jun,2014,06,
"Jun 05, 2014",8.528,8.528,8.528,8.528,-0.72%,Jun,2014,05,
"Jun 04, 2014",8.59,8.59,8.59,8.59,-0.10%,Jun,2014,04,
"Jun 03, 2014",8.599,8.599,8.599,8.599,-0.73%,Jun,2014,03,
"Jun 02, 2014",8.662,8.662,8.662,8.662,0.19%,Jun,2014,02,
"May 30, 2014",8.646,8.646,8.646,8.646,-0.29%,May,2014,30,
"May 29, 2014",8.671,8.671,8.671,8.671,-0.37%,May,2014,29,
"May 28, 2014",8.703,8.703,8.703,8.703,0.32%,May,2014,28,
"May 27, 2014",8.675,8.675,8.675,8.675,-0.03%,May,2014,27,
"May 26, 2014",8.678,8.678,8.678,8.678,0.47%,May,2014,26,
"May 25, 2014",8.637,8.637,8.637,8.637,0.00%,May,2014,25,
"May 23, 2014",8.637,8.637,8.637,8.637,-0.86%,May,2014,23,
"May 22, 2014",8.712,8.712,8.712,8.712,-0.68%,May,2014,22,
"May 21, 2014",8.772,8.772,8.772,8.772,-0.95%,May,2014,21,
"May 20, 2014",8.856,8.856,8.856,8.856,-0.09%,May,2014,20,
"May 19, 2014",8.864,8.864,8.864,8.864,0.32%,May,2014,19,
"May 16, 2014",8.836,8.836,8.836,8.836,0.59%,May,2014,16,
"May 15, 2014",8.784,8.784,8.784,8.784,-0.01%,May,2014,15,
"May 13, 2014",8.785,8.785,8.785,8.785,0.63%,May,2014,13,
"May 12, 2014",8.73,8.73,8.73,8.73,-0.21%,May,2014,12,
"May 09, 2014",8.748,8.748,8.748,8.748,-0.15%,May,2014,09,
"May 08, 2014",8.761,8.761,8.761,8.761,-0.47%,May,2014,08,
"May 07, 2014",8.802,8.802,8.802,8.802,0.27%,May,2014,07,
"May 06, 2014",8.778,8.778,8.778,8.778,0.48%,May,2014,06,
"May 05, 2014",8.736,8.736,8.736,8.736,-0.85%,May,2014,05,
"May 02, 2014",8.811,8.811,8.811,8.811,-0.22%,May,2014,02,